citta,cambi,metodo,parametro,probabilita,errore,secondi,quota_tetto,modello_ritardo
roma,1,convoluzione,5,0.9561243695940855,0.0021856304059144627,0.05854490000001533,0.0,sintetico
roma,1,convoluzione,10,0.9561243695940854,0.0021856304059145737,0.0559837000000698,0.0,sintetico
roma,1,convoluzione,30,0.9481126922245868,0.010197307775413167,0.053441600000041944,0.0,sintetico
roma,1,convoluzione,60,0.9273273925957176,0.03098260740428238,0.054280900000776455,0.0,sintetico
roma,1,montecarlo,100,0.96,0.0016899999999999693,0.0012105000005249167,0.0,sintetico
roma,1,montecarlo,1000,0.974,0.015689999999999982,0.002482199999576551,0.0,sintetico
roma,1,montecarlo,10000,0.9587,0.00039000000000000146,0.008236300000135088,0.0,sintetico
roma,1,montecarlo,100000,0.95986,0.0015500000000000513,0.059933900000032736,0.0,sintetico
roma,2,convoluzione,5,0.08652622134207553,0.004593778657924472,0.10063400000035472,1.6471676769173425e-11,sintetico
roma,2,convoluzione,10,0.08652622134207553,0.004593778657924472,0.09816810000029363,1.647167676917343e-11,sintetico
roma,2,convoluzione,30,0.0739999777632427,0.017120022236757307,0.09506289999990258,2.0587416755166803e-11,sintetico
roma,2,convoluzione,60,0.05694993577552565,0.034170064224474356,0.0943104999996649,2.8787363494436714e-11,sintetico
roma,2,montecarlo,100,0.06,0.03112000000000001,0.0026605000002746237,0.0,sintetico
roma,2,montecarlo,1000,0.093,0.0018799999999999928,0.008337099999152997,0.0,sintetico
roma,2,montecarlo,10000,0.0895,0.0016200000000000103,0.022428799999943294,0.0,sintetico
roma,2,montecarlo,100000,0.09306,0.0019399999999999973,0.14364829999976791,5e-05,sintetico
roma,3,convoluzione,5,0.021977400074156682,0.0011775999258433166,0.1458917999998448,0.006036429262280452,sintetico
roma,3,convoluzione,10,0.021977400074156685,0.0011775999258433131,0.1365719999994326,0.0060364292622804485,sintetico
roma,3,convoluzione,30,0.016171219517601088,0.006983780482398911,0.13041179999981978,0.007190181599102091,sintetico
roma,3,convoluzione,60,0.009892960925939465,0.013262039074060534,0.13575949999994918,0.009194149825557349,sintetico
roma,3,montecarlo,100,0.01,0.013154999999999998,0.004587100000208011,0.02,sintetico
roma,3,montecarlo,1000,0.029,0.005845000000000003,0.011254799999733223,0.009,sintetico
roma,3,montecarlo,10000,0.0236,0.00044500000000000095,0.035233799999332405,0.0116,sintetico
roma,3,montecarlo,100000,0.02367,0.0005150000000000016,0.22540570000001026,0.01191,sintetico
roma,1,convoluzione,5,0.8545876779392343,0.002302322060765749,0.04583389999970677,0.0,sintetico
roma,1,convoluzione,10,0.8545876779392343,0.002302322060765749,0.044082000000344124,0.0,sintetico
roma,1,convoluzione,30,0.8545611032863932,0.0023288967136068095,0.045465900000635884,0.0,sintetico
roma,1,convoluzione,60,0.8373320669969856,0.01955793300301445,0.04078549999940151,0.0,sintetico
roma,1,montecarlo,100,0.91,0.05310999999999999,0.0015702000000601402,0.0,sintetico
roma,1,montecarlo,1000,0.866,0.009109999999999951,0.0033874000000650994,0.0,sintetico
roma,1,montecarlo,10000,0.8644,0.007509999999999906,0.010280999999849882,0.0,sintetico
roma,1,montecarlo,100000,0.85928,0.0023900000000000032,0.07170580000001792,0.0,sintetico
roma,2,convoluzione,5,0.2842774302094687,0.010512430209468737,0.09128390000023501,0.0,sintetico
roma,2,convoluzione,10,0.2842774302094688,0.010512430209468793,0.08350780000000668,0.0,sintetico
roma,2,convoluzione,30,0.26308546180858966,0.01067953819141032,0.07951130000037665,0.0,sintetico
roma,2,convoluzione,60,0.22746734054949916,0.04629765945050082,0.07877470000039466,0.0,sintetico
roma,2,montecarlo,100,0.28,0.006235000000000046,0.0031231000002662768,0.0,sintetico
roma,2,montecarlo,1000,0.291,0.017235,0.009174200000416022,0.0,sintetico
roma,2,montecarlo,10000,0.2705,0.0032649999999999624,0.026837500000510772,0.0011,sintetico
roma,2,montecarlo,100000,0.27664,0.0028750000000000164,0.17275690000042232,0.00125,sintetico
roma,2,convoluzione,5,0.3538216654767735,0.0049716654767735236,0.07306609999977809,0.0004948729194961476,sintetico
roma,2,convoluzione,10,0.3538216654767736,0.004971665476773579,0.06903049999982613,0.0004948729194961476,sintetico
roma,2,convoluzione,30,0.34057657048578893,0.008273429514211061,0.06586950000018987,0.000528330450112588,sintetico
roma,2,convoluzione,60,0.3125108302907454,0.036339169709254604,0.06585910000012518,0.0005857113688084454,sintetico
roma,2,montecarlo,100,0.29,0.05885000000000001,0.0026644999998097774,0.01,sintetico
roma,2,montecarlo,1000,0.364,0.015149999999999997,0.007130899999538087,0.002,sintetico
roma,2,montecarlo,10000,0.3444,0.0044500000000000095,0.02109569999993255,0.0057,sintetico
roma,2,montecarlo,100000,0.34953,0.0006800000000000139,0.13036490000013146,0.00665,sintetico
roma,3,convoluzione,5,0.11532253301864645,0.006262533018646446,0.11820619999980408,0.45330891878545165,sintetico
roma,3,convoluzione,10,0.11532253301864644,0.006262533018646432,0.1094173999999839,0.4533089187854516,sintetico
roma,3,convoluzione,30,0.10180662239052529,0.007253377609474712,0.10503940000035072,0.47878921571979405,sintetico
roma,3,convoluzione,60,0.08123033694613752,0.02782966305386249,0.10644830000001093,0.5170542717092144,sintetico
roma,3,montecarlo,100,0.12,0.010939999999999991,0.0038608999993812176,0.48,sintetico
roma,3,montecarlo,1000,0.124,0.014939999999999995,0.011742600000616221,0.449,sintetico
roma,3,montecarlo,10000,0.1042,0.004860000000000003,0.03746569999930216,0.4709,sintetico
roma,3,montecarlo,100000,0.10997,0.0009099999999999941,0.22495989999970334,0.46509,sintetico
roma,2,convoluzione,5,0.16113280616408537,0.0028871938359146254,0.10051389999989624,0.0001078730197654512,sintetico
roma,2,convoluzione,10,0.16113280616408537,0.0028871938359146254,0.09436439999990398,0.0001078730197654512,sintetico
roma,2,convoluzione,30,0.1459578955468872,0.018062104453112793,0.09091430000080436,0.00011651930766690384,sintetico
roma,2,convoluzione,60,0.12421830823268734,0.03980169176731266,0.09656399999948917,0.00012965106750375882,sintetico
roma,2,montecarlo,100,0.2,0.03598000000000001,0.003850600000077975,0.0,sintetico
roma,2,montecarlo,1000,0.165,0.0009800000000000086,0.010335799999666051,0.0,sintetico
roma,2,montecarlo,10000,0.1613,0.00272,0.035304699999869626,0.0014,sintetico
roma,2,montecarlo,100000,0.1627,0.0013199999999999878,0.19427730000006704,0.00162,sintetico
roma,3,convoluzione,5,0.04210915359731379,0.00013084640268620773,0.14746139999988372,0.009046138214314074,sintetico
roma,3,convoluzione,10,0.04210915359731379,0.00013084640268620773,0.13417000000026746,0.009046138214314072,sintetico
roma,3,convoluzione,30,0.03522080270522834,0.007019197294771656,0.12830229999963194,0.009729380284344407,sintetico
roma,3,convoluzione,60,0.026468713447521285,0.015771286552478714,0.130377800000133,0.010845080668392439,sintetico
roma,3,montecarlo,100,0.04,0.002239999999999999,0.004785299999639392,0.01,sintetico
roma,3,montecarlo,1000,0.051,0.008759999999999997,0.015978399999767134,0.015,sintetico
roma,3,montecarlo,10000,0.0479,0.005659999999999998,0.05014480000045296,0.0154,sintetico
roma,3,montecarlo,100000,0.04199,0.0002500000000000002,0.27039739999963786,0.01523,sintetico
roma,3,convoluzione,5,0.04283800572480553,0.0010819942751944742,0.152103100000204,0.6645810906643687,sintetico
roma,3,convoluzione,10,0.042838005724805533,0.0010819942751944672,0.13469780000013998,0.6645810906643688,sintetico
roma,3,convoluzione,30,0.036505165248652514,0.007414834751347486,0.132949899999403,0.6775722463480622,sintetico
roma,3,convoluzione,60,0.02843147442076365,0.01548852557923635,0.1290035000001808,0.697208100654301,sintetico
roma,3,montecarlo,100,0.03,0.013920000000000002,0.003430899999329995,0.63,sintetico
roma,3,montecarlo,1000,0.051,0.007079999999999996,0.011714700000084122,0.637,sintetico
roma,3,montecarlo,10000,0.0414,0.0025200000000000014,0.03974430000016582,0.6671,sintetico
roma,3,montecarlo,100000,0.04439,0.0004699999999999982,0.26063239999984944,0.66333,sintetico
roma,2,convoluzione,5,0.14660319504294533,0.0004931950429453436,0.1007713999997577,0.06447863521244367,sintetico
roma,2,convoluzione,10,0.1466031950429453,0.0004931950429453158,0.09547000000020489,0.06447863521244367,sintetico
roma,2,convoluzione,30,0.13624425334001367,0.009865746659986324,0.09231139999974403,0.06851486254113257,sintetico
roma,2,convoluzione,60,0.1189113810927867,0.027198618907213284,0.09100599999965198,0.07502294624332073,sintetico
roma,2,montecarlo,100,0.06,0.08610999999999999,0.003349999999954889,0.1,sintetico
roma,2,montecarlo,1000,0.164,0.017890000000000017,0.010978699999213859,0.101,sintetico
roma,2,montecarlo,10000,0.1419,0.0042099999999999915,0.035059300000284566,0.1057,sintetico
roma,2,montecarlo,100000,0.14747,0.00136,0.19444240000029822,0.10964,sintetico
roma,3,convoluzione,5,0.10317650654828348,0.00243349345171652,0.1477165000005698,0.2007625902072468,sintetico
roma,3,convoluzione,10,0.10317650654828346,0.002433493451716534,0.13413180000043212,0.2007625902072468,sintetico
roma,3,convoluzione,30,0.09247815439151554,0.01313184560848446,0.13271139999960724,0.2121838647311334,sintetico
roma,3,convoluzione,60,0.07622069750304794,0.029389302496952055,0.13042309999946156,0.23022443531046766,sintetico
roma,3,montecarlo,100,0.09,0.015609999999999999,0.004947600000377861,0.22,sintetico
roma,3,montecarlo,1000,0.113,0.007390000000000008,0.016328300000168383,0.186,sintetico
roma,3,montecarlo,10000,0.1065,0.0008900000000000019,0.051379800000177056,0.2062,sintetico
roma,3,montecarlo,100000,0.10618,0.0005700000000000011,0.27921449999939796,0.20431,sintetico
roma,1,convoluzione,5,0.7396707331420047,0.002994266857995309,0.060600499999964086,0.0,sintetico
roma,1,convoluzione,10,0.7396707331420047,0.002994266857995309,0.05469770000036078,0.0,sintetico
roma,1,convoluzione,30,0.7279672563182019,0.014697743681798103,0.05342359999940527,0.0,sintetico
roma,1,convoluzione,60,0.7026062353434166,0.04005876465658342,0.05126709999967716,0.0,sintetico
roma,1,montecarlo,100,0.74,0.0026650000000000285,0.0019683000000441098,0.0,sintetico
roma,1,montecarlo,1000,0.759,0.01633499999999999,0.005523199999515782,0.0,sintetico
roma,1,montecarlo,10000,0.7424,0.00026500000000007073,0.017869700000119337,0.0003,sintetico
roma,1,montecarlo,100000,0.7419,0.0007650000000000157,0.11062740000033955,6e-05,sintetico
roma,2,convoluzione,5,0.1143962391010701,0.0004412391010700928,0.11408469999969384,0.09595705890071402,sintetico
roma,2,convoluzione,10,0.11439623910107012,0.00044123910107012054,0.11298979999992298,0.09595705890071403,sintetico
roma,2,convoluzione,30,0.10196186499562626,0.01199313500437374,0.10480189999998402,0.10032604602304024,sintetico
roma,2,convoluzione,60,0.08267988660718775,0.03127511339281225,0.10254080000049726,0.10737683155952878,sintetico
roma,2,montecarlo,100,0.13,0.016045000000000004,0.0032466000002386863,0.09,sintetico
roma,2,montecarlo,1000,0.113,0.0009549999999999975,0.010030499999629683,0.091,sintetico
roma,2,montecarlo,10000,0.1096,0.004354999999999998,0.03924410000036005,0.0935,sintetico
roma,2,montecarlo,100000,0.11637,0.0024150000000000005,0.22366490000058548,0.09775,sintetico
roma,3,convoluzione,5,0.7585149590498372,0.005880040950162813,0.1445794000001115,4.405743775638681e-05,sintetico
roma,3,convoluzione,10,0.7494203947545293,0.014974605245470785,0.1384199999993143,4.413864621601677e-05,sintetico
roma,3,convoluzione,30,0.7155689795753675,0.04882602042463258,0.13019660000009026,5.064166296764002e-05,sintetico
roma,3,convoluzione,60,0.6566972962934697,0.10769770370653031,0.13462170000002516,6.23421825082174e-05,sintetico
roma,3,montecarlo,100,0.81,0.04560500000000001,0.003195600000253762,0.0,sintetico
roma,3,montecarlo,1000,0.773,0.008604999999999974,0.006233500000234926,0.0,sintetico
roma,3,montecarlo,10000,0.7686,0.004204999999999903,0.023337299999184324,0.0,sintetico
roma,3,montecarlo,100000,0.76323,0.0011650000000000826,0.16225430000031338,3e-05,sintetico
roma,2,convoluzione,5,0.46984513050372434,0.017365130503724346,0.1017492000000857,4.075276942961967e-06,sintetico
roma,2,convoluzione,10,0.4698451305037244,0.017365130503724402,0.09669620000022405,4.075276942961967e-06,sintetico
roma,2,convoluzione,30,0.4390627694235261,0.01341723057647387,0.09270479999941017,4.588475034301792e-06,sintetico
roma,2,convoluzione,60,0.38199282457117417,0.07048717542882582,0.09014010000009876,5.470783261076463e-06,sintetico
roma,2,montecarlo,100,0.44,0.012479999999999991,0.002533100000619015,0.0,sintetico
roma,2,montecarlo,1000,0.451,0.0014799999999999813,0.006518899999718997,0.0,sintetico
roma,2,montecarlo,10000,0.4488,0.0036800000000000166,0.020497200000136218,0.0,sintetico
roma,2,montecarlo,100000,0.45369,0.0012099999999999889,0.13245890000052896,0.0,sintetico
roma,3,convoluzione,5,0.3063674242177477,0.008862424217747689,0.14595319999989442,0.006323782131600564,sintetico
roma,3,convoluzione,10,0.3063674242177477,0.008862424217747689,0.1354283000000578,0.006323782131600559,sintetico
roma,3,convoluzione,30,0.28463205007710046,0.012872949922899557,0.13131520000024466,0.007320632126070985,sintetico
roma,3,convoluzione,60,0.24448084030611875,0.05302415969388127,0.12874120000014955,0.009084521729500073,sintetico
roma,3,montecarlo,100,0.27,0.027505,0.00443119999999908,0.0,sintetico
roma,3,montecarlo,1000,0.336,0.038495,0.012986900000214519,0.009,sintetico
roma,3,montecarlo,10000,0.2964,0.0011050000000000226,0.03885629999967932,0.0079,sintetico
roma,3,montecarlo,100000,0.29487,0.0026349999999999985,0.22617319999972096,0.00831,sintetico
roma,2,convoluzione,5,0.6828291632228135,0.0002058367771864411,0.10395499999958702,0.0004773882096836084,sintetico
roma,2,convoluzione,10,0.6720954981013495,0.01093950189865045,0.09766730000046664,0.00047738844527017493,sintetico
roma,2,convoluzione,30,0.6506387039662176,0.03239629603378236,0.09693500000048516,0.00050625592999285,sintetico
roma,2,convoluzione,60,0.6248976532201779,0.058137346779822074,0.09893220000049041,0.0005516330498415575,sintetico
roma,2,montecarlo,100,0.7,0.016965000000000008,0.002478700000210665,0.0,sintetico
roma,2,montecarlo,1000,0.682,0.0010349999999998971,0.006378699999913806,0.0,sintetico
roma,2,montecarlo,10000,0.6914,0.008365000000000067,0.023493900000175927,0.0005,sintetico
roma,2,montecarlo,100000,0.68402,0.0009850000000000136,0.14128279999931692,0.00059,sintetico
roma,1,convoluzione,5,0.8973645527728422,0.00012455277284217914,0.05896819999998115,0.00047568130233397485,sintetico
roma,1,convoluzione,10,0.8973645527728422,0.00012455277284217914,0.05530970000017987,0.00047568130233397485,sintetico
roma,1,convoluzione,30,0.8927632929731291,0.004476707026870974,0.05248940000001312,0.0005043881934759214,sintetico
roma,1,convoluzione,60,0.8685772532280893,0.02866274677191072,0.062132500000188884,0.0005495267583751467,sintetico
roma,1,montecarlo,100,0.88,0.017240000000000033,0.0031472000000576372,0.0,sintetico
roma,1,montecarlo,1000,0.922,0.024760000000000004,0.0065755999994507874,0.0,sintetico
roma,1,montecarlo,10000,0.9,0.0027599999999999847,0.017523699999401288,0.0005,sintetico
roma,1,montecarlo,100000,0.89701,0.0002300000000000635,0.10756080000010115,0.00056,sintetico
roma,3,convoluzione,5,0.3087565076096029,0.006798492390397093,0.14473999999972875,0.013419593415749378,sintetico
roma,3,convoluzione,10,0.3087225630407824,0.0068324369592175915,0.1360317999997278,0.013731463134859505,sintetico
roma,3,convoluzione,30,0.2907366384610069,0.024818361538993083,0.13080290000016248,0.015228204150176752,sintetico
roma,3,convoluzione,60,0.2635350716833936,0.0520199283166064,0.13149390000035055,0.017076260643085178,sintetico
roma,3,montecarlo,100,0.36,0.04444500000000001,0.004888699999355595,0.03,sintetico
roma,3,montecarlo,1000,0.346,0.030445,0.015394300000480143,0.021,sintetico
roma,3,montecarlo,10000,0.3148,0.0007549999999999502,0.05071769999995013,0.0223,sintetico
roma,3,montecarlo,100000,0.31258,0.00297499999999995,0.2886236000003919,0.02429,sintetico
roma,2,convoluzione,5,0.19610507583824466,0.0019449241617553459,0.09939730000041891,4.968839877117452e-05,sintetico
roma,2,convoluzione,10,0.19610507583824466,0.0019449241617553459,0.09547999999995227,4.968839877117452e-05,sintetico
roma,2,convoluzione,30,0.18113912639663832,0.016910873603361687,0.08914690000074188,5.463945932345141e-05,sintetico
roma,2,convoluzione,60,0.1696187105308995,0.028431289469100507,0.08914480000021285,6.2952664226245e-05,sintetico
roma,2,montecarlo,100,0.13,0.06805,0.0032385999993493897,0.01,sintetico
roma,2,montecarlo,1000,0.21,0.011949999999999988,0.008474799999930838,0.009,sintetico
roma,2,montecarlo,10000,0.1972,0.0008500000000000174,0.026081100000737933,0.0117,sintetico
roma,2,montecarlo,100000,0.19687,0.0011800000000000144,0.15756930000043212,0.01415,sintetico
roma,3,convoluzione,5,0.06011971288473937,0.000904712884739374,0.1161338000001706,0.922741084483451,sintetico
roma,3,convoluzione,10,0.06011971288473938,0.0009047128847393809,0.10683200000039506,0.922741084483451,sintetico
roma,3,convoluzione,30,0.05313053419462987,0.006084465805370129,0.10576750000018365,0.9294639729030479,sintetico
roma,3,convoluzione,60,0.04372478746015209,0.015490212539847906,0.10227129999930185,0.9385157383017143,sintetico
roma,3,montecarlo,100,0.08,0.020785000000000005,0.002807300000313262,0.92,sintetico
roma,3,montecarlo,1000,0.07,0.01078500000000001,0.012376399999993737,0.914,sintetico
roma,3,montecarlo,10000,0.0581,0.001114999999999998,0.03216729999985546,0.9247,sintetico
roma,3,montecarlo,100000,0.05842,0.0007949999999999971,0.18607169999995676,0.92461,sintetico
roma,2,convoluzione,5,0.2841454136060096,0.006989586393990388,0.09139789999971981,0.005394613922878199,sintetico
roma,2,convoluzione,10,0.28414541360600953,0.0069895863939904435,0.0845841999998811,0.005394613922878199,sintetico
roma,2,convoluzione,30,0.26275998245195,0.028375017548049997,0.07744850000017323,0.0059790078900098746,sintetico
roma,2,convoluzione,60,0.23423712523935042,0.05689787476064956,0.07825559999946563,0.006967380151518595,sintetico
roma,2,montecarlo,100,0.31,0.01886500000000002,0.002856999999494292,0.01,sintetico
roma,2,montecarlo,1000,0.294,0.0028650000000000064,0.00856350000049133,0.021,sintetico
roma,2,montecarlo,10000,0.2859,0.00523499999999999,0.027725000000828004,0.0254,sintetico
roma,2,montecarlo,100000,0.29183,0.0006950000000000012,0.17149090000020806,0.02806,sintetico
roma,3,convoluzione,5,0.2833460797211652,0.0042189202788348035,0.13047069999993255,0.007760428613792636,sintetico
roma,3,convoluzione,10,0.2833460797211652,0.0042189202788348035,0.13350199999968027,0.007760428613792636,sintetico
roma,3,convoluzione,30,0.26181640463440625,0.025748595365593763,0.1176383000001806,0.008777354163688113,sintetico
roma,3,convoluzione,60,0.23319552526682627,0.054369474733173745,0.11512409999977535,0.010517728462555647,sintetico
roma,3,montecarlo,100,0.25,0.037565000000000015,0.0032690999996702885,0.01,sintetico
roma,3,montecarlo,1000,0.282,0.005565000000000042,0.009172800000669667,0.035,sintetico
roma,3,montecarlo,10000,0.285,0.0025650000000000395,0.030879000000822998,0.0331,sintetico
roma,3,montecarlo,100000,0.28815,0.0005850000000000022,0.2004099000005226,0.03105,sintetico
roma,1,convoluzione,5,0.7949673580070682,0.004572641992931836,0.0653466000003391,0.00039699306689440164,sintetico
roma,1,convoluzione,10,0.7949673580070681,0.004572641992931947,0.06370330000027025,0.0003969930668944016,sintetico
roma,1,convoluzione,30,0.7755453440202821,0.02399465597971795,0.061057099999743514,0.0004393399134075046,sintetico
roma,1,convoluzione,60,0.741901261765108,0.05763873823489207,0.05320209999990766,0.0005169087636731153,sintetico
roma,1,montecarlo,100,0.82,0.020459999999999923,0.0017142000006060698,0.0,sintetico
roma,1,montecarlo,1000,0.801,0.0014600000000000168,0.004481099999793514,0.0,sintetico
roma,1,montecarlo,10000,0.8004,0.0008599999999999719,0.014791300000069896,0.0003,sintetico
roma,1,montecarlo,100000,0.79976,0.00021999999999999797,0.09935920000043552,0.00044,sintetico
roma,1,convoluzione,5,0.8100547918873549,0.003695208112645121,0.05884940000032657,3.0945885371109056e-06,sintetico
roma,1,convoluzione,10,0.8100547918873549,0.003695208112645121,0.060550100000000384,3.0945885371109056e-06,sintetico
roma,1,convoluzione,30,0.7921652721161606,0.02158472788383936,0.05469150000044465,3.6940517275939355e-06,sintetico
roma,1,convoluzione,60,0.7602336988192773,0.0535163011807227,0.053746200000205135,4.992189489680383e-06,sintetico
roma,1,montecarlo,100,0.85,0.036250000000000004,0.0014983000000938773,0.0,sintetico
roma,1,montecarlo,1000,0.818,0.004249999999999976,0.003604799999266106,0.0,sintetico
roma,1,montecarlo,10000,0.8167,0.002950000000000008,0.012458999999580556,0.0,sintetico
roma,1,montecarlo,100000,0.81404,0.00029000000000001247,0.0790246999995361,0.0,sintetico
roma,1,convoluzione,5,0.5251600926046637,0.009959907395336365,0.060705099999722734,0.0009069745111700648,sintetico
roma,1,convoluzione,10,0.5251600926046636,0.009959907395336476,0.05468040000050678,0.0009069745111700648,sintetico
roma,1,convoluzione,30,0.4965418706031414,0.03857812939685862,0.054410700000516954,0.0010206382105899686,sintetico
roma,1,convoluzione,60,0.45120503857674016,0.08391496142325988,0.05331179999939195,0.001233236843139546,sintetico
roma,1,montecarlo,100,0.6,0.06487999999999994,0.0018228999997518258,0.0,sintetico
roma,1,montecarlo,1000,0.545,0.00988,0.005646399999932328,0.001,sintetico
roma,1,montecarlo,10000,0.5376,0.0024799999999999267,0.018992499999512802,0.0005,sintetico
roma,1,montecarlo,100000,0.53333,0.0017900000000000693,0.10463259999960428,0.00101,sintetico
roma,3,convoluzione,5,0.16476376988651864,0.006581230113481357,0.1371622999995452,0.011696373574722774,sintetico
roma,3,convoluzione,10,0.16476376988612312,0.006581230113876874,0.12952989999939746,0.011696385597963519,sintetico
roma,3,convoluzione,30,0.14895342580585785,0.022391574194142144,0.11919630000011239,0.013721700876707387,sintetico
roma,3,convoluzione,60,0.12839545461367372,0.04294954538632628,0.1184837000000698,0.018129922348501974,sintetico
roma,3,montecarlo,100,0.19,0.018655000000000005,0.003449600000749342,0.02,sintetico
roma,3,montecarlo,1000,0.154,0.017345,0.010766100000182632,0.036,sintetico
roma,3,montecarlo,10000,0.1668,0.0045449999999999935,0.03230699999949138,0.0371,sintetico
roma,3,montecarlo,100000,0.16894,0.0024049999999999905,0.21037840000008146,0.03759,sintetico
roma,1,convoluzione,5,0.37378036706543516,0.005430367065435149,0.031425600000147824,1.1745895323726524e-06,sintetico
roma,1,convoluzione,10,0.37378036706543516,0.005430367065435149,0.029054999999971187,1.1745895323726524e-06,sintetico
roma,1,convoluzione,30,0.36659071232483154,0.001759287675168475,0.027444199999990815,1.2936568648212126e-06,sintetico
roma,1,convoluzione,60,0.36659059483116746,0.0017594051688325507,0.026692299999922398,1.4920665963562943e-06,sintetico
roma,1,montecarlo,100,0.43,0.06164999999999998,0.0017569999999977881,0.0,sintetico
roma,1,montecarlo,1000,0.37,0.0016499999999999848,0.004271699999662815,0.0,sintetico
roma,1,montecarlo,10000,0.3745,0.006149999999999989,0.0099065000003975,0.0,sintetico
roma,1,montecarlo,100000,0.36674,0.0016100000000000003,0.058400300000357674,0.0,sintetico
roma,2,convoluzione,5,0.3715444637226136,0.0023394637226136217,0.07246370000029856,0.003918437758592369,sintetico
roma,2,convoluzione,10,0.3715444634977134,0.002339463497713412,0.06767349999972794,0.003918448747146022,sintetico
roma,2,convoluzione,30,0.3640732027673327,0.005131797232667323,0.06610129999990022,0.004477990051723717,sintetico
roma,2,convoluzione,60,0.3634855179052534,0.005719482094746597,0.0656578999996782,0.00553764054497276,sintetico
roma,2,montecarlo,100,0.39,0.020795000000000008,0.002238900000520516,0.01,sintetico
roma,2,montecarlo,1000,0.365,0.004205000000000014,0.005367300000216346,0.003,sintetico
roma,2,montecarlo,10000,0.3696,0.0003949999999999787,0.015220000000226719,0.0045,sintetico
roma,2,montecarlo,100000,0.36685,0.002354999999999996,0.09634050000022398,0.00391,sintetico
roma,1,convoluzione,5,0.8729596898113273,0.004424689811327376,0.058537999999316526,2.737448693300804e-07,sintetico
roma,1,convoluzione,10,0.8729596898113274,0.004424689811327487,0.05577400000038324,2.737448693300804e-07,sintetico
roma,1,convoluzione,30,0.8452691820859823,0.023265817914017606,0.054792599999927916,3.0334966270484017e-07,sintetico
roma,1,convoluzione,60,0.7939312334285509,0.07460376657144907,0.05257009999968432,3.6063562836918725e-07,sintetico
roma,1,montecarlo,100,0.87,0.0014650000000000496,0.0014845999994577141,0.0,sintetico
roma,1,montecarlo,1000,0.882,0.01346500000000006,0.0032690999996702885,0.0,sintetico
roma,1,montecarlo,10000,0.868,0.0005349999999999522,0.011174999999639113,0.0,sintetico
roma,1,montecarlo,100000,0.86713,0.0014049999999999896,0.07494070000029751,0.0,sintetico
roma,2,convoluzione,5,0.28915639832245943,0.012113601677540553,0.10073619999911898,0.07481416056834736,sintetico
roma,2,convoluzione,10,0.2891563983224594,0.012113601677540609,0.10093090000009397,0.07481416056834737,sintetico
roma,2,convoluzione,30,0.24465722005650364,0.05661277994349634,0.09638960000029329,0.08206067507186061,sintetico
roma,2,convoluzione,60,0.1803651998704775,0.12090480012952248,0.09259730000030686,0.09491515979887387,sintetico
roma,2,montecarlo,100,0.27,0.031269999999999964,0.0028783999996448983,0.08,sintetico
roma,2,montecarlo,1000,0.298,0.003269999999999995,0.008324399999764864,0.06,sintetico
roma,2,montecarlo,10000,0.2973,0.0039699999999999736,0.02573759999995673,0.074,sintetico
roma,2,montecarlo,100000,0.30315,0.0018799999999999928,0.1617099999994025,0.07364,sintetico
roma,0,convoluzione,5,0.999738196071299,4.1803928701011905e-05,0.016491700000187848,0.0,sintetico
roma,0,convoluzione,10,0.999738196071299,4.1803928701011905e-05,0.014779799999814713,0.0,sintetico
roma,0,convoluzione,30,0.9996986648049289,8.133519507114162e-05,0.014157699999486795,0.0,sintetico
roma,0,convoluzione,60,0.9996986648049281,8.133519507191878e-05,0.014166300000397314,0.0,sintetico
roma,0,montecarlo,100,1.0,0.00021999999999999797,0.000549700000192388,0.0,sintetico
roma,0,montecarlo,1000,1.0,0.00021999999999999797,0.0009310999994340818,0.0,sintetico
roma,0,montecarlo,10000,0.9996,0.00017999999999995797,0.0032191000000239,0.0,sintetico
roma,0,montecarlo,100000,0.99969,9.00000000000345e-05,0.022298400000181573,0.0,sintetico
roma,2,convoluzione,5,0.4907382264275184,0.006291773572481618,0.106863500000145,1.6299555302751084e-06,sintetico
roma,2,convoluzione,10,0.49073822642751835,0.006291773572481674,0.09831369999938033,1.6299555302751082e-06,sintetico
roma,2,convoluzione,30,0.478150436252933,0.018879563747067007,0.09383559999969293,1.990444062442698e-06,sintetico
roma,2,convoluzione,60,0.44749603206236566,0.04953396793763437,0.09478219999982684,2.654340478526076e-06,sintetico
roma,2,montecarlo,100,0.48,0.017030000000000045,0.0024680000005901093,0.0,sintetico
roma,2,montecarlo,1000,0.485,0.01203000000000004,0.006974400000217429,0.0,sintetico
roma,2,montecarlo,10000,0.4923,0.004730000000000012,0.02141879999999219,0.0,sintetico
roma,2,montecarlo,100000,0.49502,0.0020100000000000118,0.12333959999978106,0.0,sintetico
roma,3,convoluzione,5,0.21919148749400139,0.00463351250599861,0.13216529999954219,0.3890325802605067,sintetico
roma,3,convoluzione,10,0.2092859074475252,0.014539092552474792,0.12316430000009859,0.3983777882288464,sintetico
roma,3,convoluzione,30,0.18126508195874097,0.042559918041259026,0.1322647999995752,0.42173987084024545,sintetico
roma,3,convoluzione,60,0.1426949575825017,0.0811300424174983,0.12236810000013065,0.4566072179971993,sintetico
roma,3,montecarlo,100,0.19,0.033824999999999994,0.004003000000011525,0.45,sintetico
roma,3,montecarlo,1000,0.249,0.025175000000000003,0.01391429999966931,0.392,sintetico
roma,3,montecarlo,10000,0.221,0.002824999999999994,0.04700010000033217,0.3934,sintetico
roma,3,montecarlo,100000,0.2234,0.0004250000000000087,0.25132440000015777,0.39048,sintetico
roma,0,convoluzione,5,0.7619674464896322,0.004402553510367779,0.017447399999582558,0.0,sintetico
roma,0,convoluzione,10,0.7619674464896322,0.004402553510367779,0.015388099999654514,0.0,sintetico
roma,0,convoluzione,30,0.7619674464896323,0.004402553510367668,0.01471789999959583,0.0,sintetico
roma,0,convoluzione,60,0.7619674464896321,0.00440255351036789,0.013944199999968987,0.0,sintetico
roma,0,montecarlo,100,0.78,0.013630000000000031,0.0010439000006954302,0.0,sintetico
roma,0,montecarlo,1000,0.787,0.020630000000000037,0.0022823999997854116,0.0,sintetico
roma,0,montecarlo,10000,0.7661,0.00026999999999999247,0.006980099999964295,0.0,sintetico
roma,0,montecarlo,100000,0.76599,0.00038000000000004697,0.035552199999983713,0.0,sintetico
roma,1,convoluzione,5,0.5100210568194853,0.014603943180514722,0.06225970000014058,0.014838406524099398,sintetico
roma,1,convoluzione,10,0.5100210568194853,0.014603943180514722,0.05738830000063899,0.0148384065240994,sintetico
roma,1,convoluzione,30,0.4877326443928335,0.03689235560716653,0.05564010000034614,0.0157750919947921,sintetico
roma,1,convoluzione,60,0.4717647073798438,0.052860292620156235,0.052585999999791966,0.017334875666646748,sintetico
roma,1,montecarlo,100,0.59,0.06537499999999996,0.0021812000004501897,0.0,sintetico
roma,1,montecarlo,1000,0.542,0.01737500000000003,0.006892299999890383,0.012,sintetico
roma,1,montecarlo,10000,0.5267,0.002074999999999938,0.02105070000015985,0.0143,sintetico
roma,1,montecarlo,100000,0.5242,0.0004250000000000087,0.12027520000083314,0.01463,sintetico
roma,1,convoluzione,5,0.6795342675460069,0.0011657324539930958,0.05928129999938392,0.0,sintetico
roma,1,convoluzione,10,0.6731400644354317,0.007559935564568243,0.05486540000038076,0.0,sintetico
roma,1,convoluzione,30,0.6494855551599037,0.031214444840096278,0.05379910000010568,0.0,sintetico
roma,1,convoluzione,60,0.6105540915696871,0.07014590843031288,0.052224500000193075,0.0,sintetico
roma,1,montecarlo,100,0.77,0.08930000000000005,0.001723600000332226,0.0,sintetico
roma,1,montecarlo,1000,0.683,0.0023000000000000798,0.00451710000015737,0.0,sintetico
roma,1,montecarlo,10000,0.6819,0.0011999999999999789,0.014694200000121782,0.0,sintetico
roma,1,montecarlo,100000,0.68209,0.0013900000000000023,0.08785809999972116,0.0,sintetico
roma,2,convoluzione,5,0.23566161781574294,0.005871617815742941,0.09632549999969342,0.024122956144925795,sintetico
roma,2,convoluzione,10,0.2325698528194758,0.002779852819475792,0.08367110000017419,0.024164395586119516,sintetico
roma,2,convoluzione,30,0.20874150844140482,0.021048491558595173,0.08132789999945089,0.028154873235433153,sintetico
roma,2,convoluzione,60,0.17478003052593558,0.05500996947406442,0.08025260000067647,0.03534738377577014,sintetico
roma,2,montecarlo,100,0.21,0.019790000000000002,0.0034793000004356145,0.02,sintetico
roma,2,montecarlo,1000,0.257,0.027210000000000012,0.009517800000139687,0.019,sintetico
roma,2,montecarlo,10000,0.2267,0.0030899999999999817,0.02989830000024085,0.0206,sintetico
roma,2,montecarlo,100000,0.22822,0.001569999999999988,0.17185419999987062,0.02471,sintetico
roma,1,convoluzione,5,0.9884275711369178,0.00034242886308222253,0.0729641999996602,0.0,sintetico
roma,1,convoluzione,10,0.9884275711369176,0.0003424288630824446,0.05882550000023912,0.0,sintetico
roma,1,convoluzione,30,0.9883263644228478,0.0004436355771522127,0.056035099999462545,0.0,sintetico
roma,1,convoluzione,60,0.9850600085049103,0.0037099914950897706,0.05595790000006673,0.0,sintetico
roma,1,montecarlo,100,0.98,0.008770000000000056,0.0017482000002928544,0.0,sintetico
roma,1,montecarlo,1000,0.993,0.004229999999999956,0.002885500000047614,0.0,sintetico
roma,1,montecarlo,10000,0.9889,0.00012999999999996348,0.009099800000512914,0.0,sintetico
roma,1,montecarlo,100000,0.989,0.00022999999999995246,0.06703689999994822,0.0,sintetico
roma,2,convoluzione,5,0.3583518040533706,0.010036804053370596,0.09057649999977002,4.452723892333334e-06,sintetico
roma,2,convoluzione,10,0.3583518040533705,0.01003680405337054,0.08432270000048447,4.452723892333333e-06,sintetico
roma,2,convoluzione,30,0.3365968987345671,0.011718101265432879,0.08004640000035579,5.001048255716743e-06,sintetico
roma,2,convoluzione,60,0.30418142354898275,0.04413357645101723,0.07938240000021324,5.933510941954826e-06,sintetico
roma,2,montecarlo,100,0.29,0.058315000000000006,0.0030515999997078325,0.0,sintetico
roma,2,montecarlo,1000,0.377,0.028685000000000016,0.007960999999340856,0.0,sintetico
roma,2,montecarlo,10000,0.3485,0.00018499999999999073,0.025271699999393604,0.0001,sintetico
roma,2,montecarlo,100000,0.34801,0.0003049999999999997,0.16072239999994054,3e-05,sintetico
roma,2,convoluzione,5,0.5551074076278601,0.03374240762786018,0.12127760000021226,1.862515914230859e-05,sintetico
roma,2,convoluzione,10,0.55510740762786,0.03374240762786007,0.10691319999932603,1.862515914230859e-05,sintetico
roma,2,convoluzione,30,0.5350652379880033,0.01370023798800335,0.10636479999993753,2.0344088215043035e-05,sintetico
roma,2,convoluzione,60,0.49874115837864075,0.02262384162135922,0.10403569999925821,2.3548382901275488e-05,sintetico
roma,2,montecarlo,100,0.48,0.041364999999999985,0.00298560000010184,0.0,sintetico
roma,2,montecarlo,1000,0.528,0.0066350000000000575,0.007961000000250351,0.0,sintetico
roma,2,montecarlo,10000,0.5221,0.0007350000000000412,0.022097199999734585,0.0,sintetico
roma,2,montecarlo,100000,0.52353,0.0021650000000000835,0.1450913999997283,1e-05,sintetico
roma,3,convoluzione,5,0.18977494612758647,0.004244946127586469,0.1606977999999799,0.10525083031284248,sintetico
roma,3,convoluzione,10,0.1830576518224787,0.0024723481775212885,0.149180599999454,0.10813962155085574,sintetico
roma,3,convoluzione,30,0.15906714077570658,0.026462859224293422,0.1638946000002761,0.11514473919313709,sintetico
roma,3,convoluzione,60,0.12678833176234572,0.05874166823765428,0.14359869999952934,0.12640113360442193,sintetico
roma,3,montecarlo,100,0.2,0.01447000000000001,0.003787499999816646,0.13,sintetico
roma,3,montecarlo,1000,0.194,0.008470000000000005,0.010335300000406278,0.089,sintetico
roma,3,montecarlo,10000,0.1849,0.0006299999999999917,0.03245390000029147,0.1106,sintetico
roma,3,montecarlo,100000,0.18669,0.0011599999999999944,0.20689889999994193,0.1136,sintetico
roma,1,convoluzione,5,0.21610131785653203,0.0038413178565320227,0.06833060000008118,0.0,sintetico
roma,1,convoluzione,10,0.21610131785653203,0.0038413178565320227,0.07764289999977336,0.0,sintetico
roma,1,convoluzione,30,0.20121751717226546,0.01104248282773454,0.07981519999975717,0.0,sintetico
roma,1,convoluzione,60,0.177978202379628,0.034281797620372007,0.06169020000015735,0.0,sintetico
roma,1,montecarlo,100,0.21,0.002260000000000012,0.00204200000007404,0.0,sintetico
roma,1,montecarlo,1000,0.233,0.02074000000000001,0.005697200000213343,0.0,sintetico
roma,1,montecarlo,10000,0.2132,0.0009399999999999964,0.017875599999570113,0.0002,sintetico
roma,1,montecarlo,100000,0.21072,0.0015400000000000136,0.12392160000035801,0.00018,sintetico
roma,2,convoluzione,5,0.988794619799111,0.00042461979911101455,0.12080609999975422,1.862515914230859e-05,sintetico
roma,2,convoluzione,10,0.988794619799111,0.00042461979911101455,0.12540730000000622,1.862515914230859e-05,sintetico
roma,2,convoluzione,30,0.9876724496444204,0.0006975503555796125,0.13750400000026275,2.0344065416888646e-05,sintetico
roma,2,convoluzione,60,0.984684611036935,0.0036853889630649173,0.13911019999977725,2.3548351288991893e-05,sintetico
roma,2,montecarlo,100,1.0,0.01163000000000003,0.0022369000007529394,0.0,sintetico
roma,2,montecarlo,1000,0.984,0.004369999999999985,0.005763999999544467,0.0,sintetico
roma,2,montecarlo,10000,0.9868,0.0015699999999999603,0.02340459999959421,0.0,sintetico
roma,2,montecarlo,100000,0.98826,0.00010999999999994348,0.1375541000006706,1e-05,sintetico
roma,3,convoluzione,5,0.38246164584362685,0.018726645843626877,0.16905990000032034,0.10525083031284248,sintetico
roma,3,convoluzione,10,0.3742930220367253,0.010558022036725345,0.1815591000004133,0.10813962155085574,sintetico
roma,3,convoluzione,30,0.3526294111803662,0.01110558881963375,0.185492499999782,0.11514473919313709,sintetico
roma,3,convoluzione,60,0.3208675286905624,0.04286747130943758,0.19536759999937203,0.12640113360442193,sintetico
roma,3,montecarlo,100,0.36,0.0037349999999999883,0.005054499999459949,0.13,sintetico
roma,3,montecarlo,1000,0.373,0.009265000000000023,0.01390369999990071,0.089,sintetico
roma,3,montecarlo,10000,0.3625,0.0012349999999999861,0.03737249999994674,0.1106,sintetico
roma,3,montecarlo,100000,0.366,0.002265000000000017,0.23468550000052346,0.1136,sintetico
roma,1,convoluzione,5,0.08154820772574066,0.0044232077257406605,0.05861559999993915,0.0,sintetico
roma,1,convoluzione,10,0.08154820772574066,0.0044232077257406605,0.056365399999776855,0.0,sintetico
roma,1,convoluzione,30,0.07180720191278282,0.0053177980872171765,0.05381130000023404,0.0,sintetico
roma,1,convoluzione,60,0.059532134501249216,0.017592865498750783,0.05378540000037901,0.0,sintetico
roma,1,montecarlo,100,0.09,0.012874999999999998,0.001865199999883771,0.0,sintetico
roma,1,montecarlo,1000,0.097,0.019875000000000004,0.006022699999448378,0.0,sintetico
roma,1,montecarlo,10000,0.0752,0.0019249999999999962,0.015136400000301364,0.0004,sintetico
roma,1,montecarlo,100000,0.07923,0.0021049999999999958,0.11513839999952324,0.00049,sintetico
roma,1,convoluzione,5,0.7333904256520385,0.004355425652038503,0.05300809999971534,0.0,sintetico
roma,1,convoluzione,10,0.7333904256520386,0.004355425652038614,0.05736170000000129,0.0,sintetico
roma,1,convoluzione,30,0.7233305763593396,0.005704423640660372,0.04853389999971114,0.0,sintetico
roma,1,convoluzione,60,0.7084002066960939,0.02063479330390605,0.04882440000073984,0.0,sintetico
roma,1,montecarlo,100,0.74,0.010965000000000003,0.002287899999828369,0.0,sintetico
roma,1,montecarlo,1000,0.759,0.02996500000000002,0.004921799999465293,0.0,sintetico
roma,1,montecarlo,10000,0.7258,0.003234999999999988,0.013109700000313751,0.0002,sintetico
roma,1,montecarlo,100000,0.72952,0.0004849999999999577,0.091756599999826,7e-05,sintetico
roma,3,convoluzione,5,0.7719176386188678,0.008052638618867736,0.16656569999940984,0.02860524698092951,sintetico
roma,3,convoluzione,10,0.7719176386188676,0.008052638618867625,0.1565457000006063,0.02860524698092951,sintetico
roma,3,convoluzione,30,0.7566910646911827,0.00717393530881727,0.15541850000045088,0.03202163355378669,sintetico
roma,3,convoluzione,60,0.7323770300311134,0.03148796996888659,0.14175019999947835,0.03794565064403903,sintetico
roma,3,montecarlo,100,0.81,0.04613500000000004,0.003777200000513403,0.04,sintetico
roma,3,montecarlo,1000,0.763,0.0008650000000000047,0.011163500000293425,0.033,sintetico
roma,3,montecarlo,10000,0.7682,0.004334999999999978,0.0391100999995615,0.0314,sintetico
roma,3,montecarlo,100000,0.7652,0.001334999999999975,0.27114220000021305,0.03157,sintetico
roma,2,convoluzione,5,0.7848182685920102,0.0004232685920102508,0.09298869999929593,0.00831759441654259,sintetico
roma,2,convoluzione,10,0.7848182685920102,0.0004232685920102508,0.08987160000015137,0.00831759441654259,sintetico
roma,2,convoluzione,30,0.7741290826213038,0.010265917378696199,0.08511679999992339,0.008638161318215333,sintetico
roma,2,convoluzione,60,0.7546380757018424,0.029756924298157572,0.09013880000020436,0.009150192651049785,sintetico
roma,2,montecarlo,100,0.79,0.005605000000000082,0.0038973999999143416,0.01,sintetico
roma,2,montecarlo,1000,0.795,0.010605000000000087,0.007438099999490078,0.006,sintetico
roma,2,montecarlo,10000,0.7915,0.007105000000000028,0.024034300000494113,0.0094,sintetico
roma,2,montecarlo,100000,0.78321,0.0011849999999999916,0.15407199999935983,0.01036,sintetico
roma,3,convoluzione,5,0.48523118183992386,0.003548818160076128,0.14447560000007797,0.07177327979661237,sintetico
roma,3,convoluzione,10,0.48523118183992386,0.003548818160076128,0.13681499999984226,0.07177327979661238,sintetico
roma,3,convoluzione,30,0.4610227926513505,0.027757207348649504,0.14336050000019895,0.07459268009806053,sintetico
roma,3,convoluzione,60,0.4234814580526046,0.06529854194739537,0.14082059999964258,0.07885496271872697,sintetico
roma,3,montecarlo,100,0.43,0.05878,0.004025199999887263,0.1,sintetico
roma,3,montecarlo,1000,0.492,0.0032200000000000006,0.01169449999997596,0.061,sintetico
roma,3,montecarlo,10000,0.4921,0.0033199999999999896,0.038930799999434385,0.063,sintetico
roma,3,montecarlo,100000,0.48798,0.0007999999999999674,0.2578876000006858,0.06649,sintetico
roma,3,convoluzione,5,0.3337268810202031,0.0020131189797968907,0.12239759999920352,0.6613690808748214,sintetico
roma,3,convoluzione,10,0.32914730459136127,0.006592695408638716,0.11030289999962406,0.66598313902711,sintetico
roma,3,convoluzione,30,0.3128605507321814,0.022879449267818597,0.1049077000006946,0.6821501360652428,sintetico
roma,3,convoluzione,60,0.28800025400357915,0.047739745996420835,0.11229829999956564,0.706430078768581,sintetico
roma,3,montecarlo,100,0.36,0.024260000000000004,0.004868699999860837,0.64,sintetico
roma,3,montecarlo,1000,0.35,0.014259999999999995,0.014252099999794154,0.644,sintetico
roma,3,montecarlo,10000,0.3374,0.0016599999999999948,0.045809400000507594,0.6577,sintetico
roma,3,montecarlo,100000,0.3351,0.0006399999999999739,0.24097789999996166,0.6603,sintetico
roma,1,convoluzione,5,0.5711655533805662,0.00044944661943380204,0.07448769999973592,2.2433225861174904e-06,sintetico
roma,1,convoluzione,10,0.53697023232769,0.03464476767230995,0.0675386000002618,2.441030916835162e-06,sintetico
roma,1,convoluzione,30,0.5016154414153269,0.0699995585846731,0.0690788000001703,2.665477158629167e-06,sintetico
roma,1,convoluzione,60,0.4489256732047255,0.1226893267952745,0.06900119999954768,3.056232446923633e-06,sintetico
roma,1,montecarlo,100,0.55,0.02161499999999994,0.0017925000001923763,0.0,sintetico
roma,1,montecarlo,1000,0.58,0.008384999999999976,0.004629399999430461,0.0,sintetico
roma,1,montecarlo,10000,0.5707,0.0009149999999999991,0.01301910000074713,0.0,sintetico
roma,1,montecarlo,100000,0.56959,0.0020249999999999435,0.0941343999993478,0.0,sintetico
roma,2,convoluzione,5,0.053744130797876294,0.003365869202123707,0.11736360000031709,0.26755749306425525,sintetico
roma,2,convoluzione,10,0.05003728633139876,0.007072713668601238,0.11077120000027207,0.2852997990596542,sintetico
roma,2,convoluzione,30,0.04228577881956203,0.014824221180437969,0.11725070000011328,0.30343394148701935,sintetico
roma,2,convoluzione,60,0.03247331176555737,0.02463668823444263,0.10978640000030282,0.33083544431602646,sintetico
roma,2,montecarlo,100,0.03,0.027110000000000002,0.0028782999997929437,0.26,sintetico
roma,2,montecarlo,1000,0.056,0.0011099999999999999,0.00875980000000709,0.288,sintetico
roma,2,montecarlo,10000,0.0553,0.0018099999999999991,0.030060499999308377,0.2681,sintetico
roma,2,montecarlo,100000,0.05772,0.0006099999999999994,0.16810590000022785,0.26516,sintetico
roma,1,convoluzione,5,0.9465435644903002,0.0038564355096998293,0.07089579999956186,1.7437812929593525e-06,sintetico
roma,1,convoluzione,10,0.9465435644903002,0.0038564355096998293,0.07067399999959889,1.897577598127818e-06,sintetico
roma,1,convoluzione,30,0.9451942852581828,0.005205714741817191,0.06618189999971946,2.0718514091785023e-06,sintetico
roma,1,convoluzione,60,0.9426123010608426,0.007787698939157428,0.06491769999956887,2.3698048901433657e-06,sintetico
roma,1,montecarlo,100,0.92,0.030399999999999983,0.001481199999943783,0.0,sintetico
roma,1,montecarlo,1000,0.942,0.008400000000000074,0.004052899999805959,0.0,sintetico
roma,1,montecarlo,10000,0.9501,0.000300000000000078,0.013238799999271578,0.0,sintetico
roma,1,montecarlo,100000,0.95117,0.0007699999999999374,0.09264569999959349,0.0,sintetico
roma,3,convoluzione,5,0.21656045222997528,0.00035954777002472627,0.1552891000001182,0.006851333090399314,sintetico
roma,3,convoluzione,10,0.21656045222997528,0.00035954777002472627,0.15554539999993722,0.006851333090399314,sintetico
roma,3,convoluzione,30,0.19839854725679187,0.018521452743208128,0.15570879999995668,0.007326691411490616,sintetico
roma,3,convoluzione,60,0.17208378248874465,0.044836217511255355,0.17279020000023593,0.008041997475666246,sintetico
roma,3,montecarlo,100,0.25,0.03308,0.00526239999999234,0.03,sintetico
roma,3,montecarlo,1000,0.229,0.012080000000000007,0.01546900000084861,0.008,sintetico
roma,3,montecarlo,10000,0.2129,0.004019999999999996,0.046873799999957555,0.0089,sintetico
roma,3,montecarlo,100000,0.21743,0.0005100000000000104,0.2626470999994126,0.00853,sintetico
roma,0,convoluzione,5,0.9513620575988465,0.003672942401153456,0.03437560000020312,0.0,sintetico
roma,0,convoluzione,10,0.9513620575988466,0.003672942401153345,0.028719799999635143,0.0,sintetico
roma,0,convoluzione,30,0.9513620575988467,0.003672942401153234,0.02690000000075088,0.0,sintetico
roma,0,convoluzione,60,0.9513620575988463,0.003672942401153678,0.028838899999755085,0.0,sintetico
roma,0,montecarlo,100,0.93,0.02503499999999992,0.0007290000003195019,0.0,sintetico
roma,0,montecarlo,1000,0.946,0.009035000000000015,0.001596600000084436,0.0,sintetico
roma,0,montecarlo,10000,0.9541,0.0009350000000000191,0.005246400000032736,0.0,sintetico
roma,0,montecarlo,100000,0.95543,0.0003950000000000342,0.038406900000154565,0.0,sintetico
roma,2,convoluzione,5,0.44827915532379625,0.006924155323796255,0.11822639999991225,0.009995080095932828,sintetico
roma,2,convoluzione,10,0.41745867653781504,0.023896323462184954,0.10995770000045013,0.009995231673505505,sintetico
roma,2,convoluzione,30,0.38259934963929965,0.05875565036070035,0.11008960000071966,0.010743031429012102,sintetico
roma,2,convoluzione,60,0.3326091838902155,0.10874581610978451,0.10808220000035362,0.012165189538133158,sintetico
roma,2,montecarlo,100,0.39,0.051354999999999984,0.0026278999994246988,0.02,sintetico
roma,2,montecarlo,1000,0.445,0.0036450000000000093,0.0063148999997793,0.006,sintetico
roma,2,montecarlo,10000,0.4359,0.005454999999999988,0.022432100000514765,0.0106,sintetico
roma,2,montecarlo,100000,0.44261,0.0012550000000000061,0.15533440000035625,0.01052,sintetico
roma,2,convoluzione,5,0.6213633771575985,0.0018883771575984865,0.1183485000001383,0.010051863860089263,sintetico
roma,2,convoluzione,10,0.6213633771575985,0.0018883771575984865,0.10957210000015039,0.010051863860089261,sintetico
roma,2,convoluzione,30,0.5968551505940831,0.02261984940591688,0.10360539999965113,0.010761810344637869,sintetico
roma,2,convoluzione,60,0.5747069724596747,0.04476802754032527,0.11280340000030264,0.011994735602601557,sintetico
roma,2,montecarlo,100,0.59,0.02947500000000003,0.0029042000005574664,0.02,sintetico
roma,2,montecarlo,1000,0.62,0.0005249999999999977,0.011494100000163598,0.006,sintetico
roma,2,montecarlo,10000,0.6221,0.0026249999999999885,0.03259189999971568,0.0105,sintetico
roma,2,montecarlo,100000,0.61844,0.0010350000000000081,0.1847725999996328,0.01097,sintetico
roma,2,convoluzione,5,0.775891959199029,0.0019380408009710415,0.13435960000060732,0.006209337225131224,sintetico
roma,2,convoluzione,10,0.775891959199029,0.0019380408009710415,0.11958400000003166,0.006209337225131225,sintetico
roma,2,convoluzione,30,0.7336978447695938,0.044132155230406256,0.10766089999924588,0.007170278322872496,sintetico
roma,2,convoluzione,60,0.620800158056461,0.15702984194353897,0.10696189999998751,0.008751531062551055,sintetico
roma,2,montecarlo,100,0.68,0.09782999999999997,0.0022596999997404055,0.02,sintetico
roma,2,montecarlo,1000,0.77,0.007830000000000004,0.0054546000001209904,0.006,sintetico
roma,2,montecarlo,10000,0.7823,0.004469999999999974,0.019496099999742,0.0065,sintetico
roma,2,montecarlo,100000,0.77777,6.0000000000060005e-05,0.1383083999999144,0.00602,sintetico
roma,3,convoluzione,5,0.49731555206342826,0.022064447936571696,0.17346999999972468,0.0063777542279475396,sintetico
roma,3,convoluzione,10,0.4973155520634282,0.02206444793657175,0.14949259999957576,0.00637775422794754,sintetico
roma,3,convoluzione,30,0.4516732655708363,0.06770673442916364,0.1629042999993544,0.00736283646225418,sintetico
roma,3,convoluzione,60,0.38440482745215915,0.1349751725478408,0.1743967000002158,0.008985780234707624,sintetico
roma,3,montecarlo,100,0.49,0.02937999999999996,0.0035852999999406165,0.02,sintetico
roma,3,montecarlo,1000,0.511,0.008379999999999943,0.011068699999668752,0.006,sintetico
roma,3,montecarlo,10000,0.5135,0.005879999999999996,0.03975750000063272,0.0069,sintetico
roma,3,montecarlo,100000,0.51914,0.00023999999999990695,0.2500945000001593,0.00618,sintetico
roma,1,convoluzione,5,0.9002379539073805,0.0003379539073804505,0.07643019999977696,0.0,sintetico
roma,1,convoluzione,10,0.9002379539073805,0.0003379539073804505,0.07136999999966065,0.0,sintetico
roma,1,convoluzione,30,0.8916079443485206,0.00829205565147939,0.07459740000012971,0.0,sintetico
roma,1,convoluzione,60,0.8766608559349189,0.023239144065081097,0.07861560000037571,0.0,sintetico
roma,1,montecarlo,100,0.89,0.00990000000000002,0.0021393999995780177,0.0,sintetico
roma,1,montecarlo,1000,0.905,0.005099999999999993,0.004115099999580707,0.0,sintetico
roma,1,montecarlo,10000,0.8992,0.0007000000000000339,0.013354700000490993,0.0,sintetico
roma,1,montecarlo,100000,0.90044,0.0005399999999999849,0.0951615000003585,0.0,sintetico
roma,3,convoluzione,5,0.5322883393933227,0.0007066606066773451,0.17359900000064954,0.09587902706780366,sintetico
roma,3,convoluzione,10,0.5278867455195988,0.0051082544804011976,0.17506279999997787,0.09594676085844545,sintetico
roma,3,convoluzione,30,0.49902496211971525,0.03397003788028474,0.15741860000071028,0.10971399042802639,sintetico
roma,3,convoluzione,60,0.4520149175661849,0.0809800824338151,0.1496286000001419,0.1342399831414801,sintetico
roma,3,montecarlo,100,0.6,0.06700499999999998,0.004087500000423461,0.1,sintetico
roma,3,montecarlo,1000,0.512,0.020994999999999986,0.011132300000099349,0.094,sintetico
roma,3,montecarlo,10000,0.5291,0.003894999999999982,0.03808469999967201,0.0953,sintetico
roma,3,montecarlo,100000,0.53224,0.0007549999999999502,0.23892259999956877,0.09831,sintetico
roma,2,convoluzione,5,0.5657760232993085,0.003181023299308583,0.12513380000018515,0.001707932604280245,sintetico
roma,2,convoluzione,10,0.5657760232993085,0.003181023299308583,0.11278469999979279,0.0017079326042802453,sintetico
roma,2,convoluzione,30,0.5643197608855384,0.0017247608855384122,0.11098949999995966,0.0017734290290849879,sintetico
roma,2,convoluzione,60,0.561844502435555,0.0007504975644450074,0.10912089999965247,0.0018878232044984037,sintetico
roma,2,montecarlo,100,0.53,0.03259499999999993,0.0027075999996668543,0.0,sintetico
roma,2,montecarlo,1000,0.553,0.00959499999999991,0.007328800000323099,0.001,sintetico
roma,2,montecarlo,10000,0.5598,0.002794999999999992,0.02707029999965016,0.0018,sintetico
roma,2,montecarlo,100000,0.56017,0.0024250000000000105,0.1771115000001373,0.00188,sintetico
roma,0,convoluzione,5,0.9947831404655483,0.0005481404655482969,0.016969999999673746,0.0,sintetico
roma,0,convoluzione,10,0.9947831404655482,0.0005481404655481859,0.015023100000689737,0.0,sintetico
roma,0,convoluzione,30,0.9947831404655483,0.0005481404655482969,0.014456199999585806,0.0,sintetico
roma,0,convoluzione,60,0.9947831404655487,0.000548140465548741,0.014164100000016333,0.0,sintetico
roma,0,montecarlo,100,1.0,0.00576500000000002,0.0005072000003565336,0.0,sintetico
roma,0,montecarlo,1000,0.997,0.0027650000000000174,0.0015753999996377388,0.0,sintetico
roma,0,montecarlo,10000,0.9951,0.0008650000000000047,0.00262509999993199,0.0,sintetico
roma,0,montecarlo,100000,0.99435,0.00011499999999997623,0.021042700000180048,0.0,sintetico
roma,1,convoluzione,5,0.9905553668175399,0.0003746331824601157,0.04523649999919144,0.0,sintetico
roma,1,convoluzione,10,0.99055536681754,0.00037463318246000465,0.042856400000346184,0.0,sintetico
roma,1,convoluzione,30,0.990068250452745,0.0008617495472549308,0.0475321999992957,0.0,sintetico
roma,1,convoluzione,60,0.9890806036064951,0.0018493963935048985,0.09007170000040787,0.0,sintetico
roma,1,montecarlo,100,0.99,0.0009299999999999864,0.0044164000000819215,0.0,sintetico
roma,1,montecarlo,1000,0.992,0.0010700000000000154,0.004544800000076066,0.0,sintetico
roma,1,montecarlo,10000,0.9905,0.00042999999999993044,0.009960600000340492,0.0,sintetico
roma,1,montecarlo,100000,0.99059,0.00034000000000000696,0.07224889999997686,0.0,sintetico
roma,2,convoluzione,5,0.7857994768856637,0.01444947688566367,0.10521739999967394,0.0,sintetico
roma,2,convoluzione,10,0.7857994768856635,0.01444947688566356,0.08834590000060416,0.0,sintetico
roma,2,convoluzione,30,0.754830584389579,0.01651941561042103,0.11589790000016365,0.0,sintetico
roma,2,convoluzione,60,0.7091137117876738,0.062236288212326185,0.08959989999948448,0.0,sintetico
roma,2,montecarlo,100,0.82,0.04864999999999997,0.002220100000158709,0.0,sintetico
roma,2,montecarlo,1000,0.762,0.00934999999999997,0.005129799999849638,0.0,sintetico
roma,2,montecarlo,10000,0.7692,0.0021499999999999853,0.018184300000029907,0.0,sintetico
roma,2,montecarlo,100000,0.77195,0.0006000000000000449,0.12996709999970335,0.0,sintetico
roma,2,convoluzione,5,0.9201134039909726,0.0016315960090274029,0.08088489999954618,4.576500600117764e-05,sintetico
roma,2,convoluzione,10,0.9201134039909726,0.0016315960090274029,0.07034029999977065,4.576500600117764e-05,sintetico
roma,2,convoluzione,30,0.9160721200008543,0.005672879999145786,0.0668320999993739,5.031792224855576e-05,sintetico
roma,2,convoluzione,60,0.9069055620600576,0.014839437939942468,0.06600090000029013,5.8160463314249574e-05,sintetico
roma,2,montecarlo,100,0.87,0.05174500000000004,0.0022306000000753556,0.0,sintetico
roma,2,montecarlo,1000,0.929,0.0072550000000000114,0.00504830000045331,0.0,sintetico
roma,2,montecarlo,10000,0.9213,0.0004450000000000287,0.017770200000086334,0.0,sintetico
roma,2,montecarlo,100000,0.92109,0.0006550000000000722,0.11824889999934385,6e-05,sintetico
roma,2,convoluzione,5,0.47619405664487185,0.001975943355128129,0.08711630000016157,0.01843400817380781,sintetico
roma,2,convoluzione,10,0.4761940566448718,0.0019759433551281846,0.08462409999992815,0.01843400817380781,sintetico
roma,2,convoluzione,30,0.4625889718889231,0.015581028111076867,0.07907230000000709,0.020150005518699693,sintetico
roma,2,convoluzione,60,0.44130669052266014,0.036863309477339845,0.08429419999993115,0.023091262885732947,sintetico
roma,2,montecarlo,100,0.44,0.03816999999999998,0.0032298000005539507,0.03,sintetico
roma,2,montecarlo,1000,0.515,0.03683000000000003,0.007105000000592554,0.026,sintetico
roma,2,montecarlo,10000,0.4762,0.0019699999999999718,0.023414499999489635,0.0271,sintetico
roma,2,montecarlo,100000,0.48147,0.003300000000000025,0.1622589999997217,0.02827,sintetico
roma,3,convoluzione,5,0.1620806279172411,0.007785627917241106,0.12404890000016167,0.45938116956234853,sintetico
roma,3,convoluzione,10,0.1620806279172411,0.007785627917241106,0.11285359999965294,0.4593811695623485,sintetico
roma,3,convoluzione,30,0.14579176532025923,0.008503234679740762,0.11217690000012226,0.4721639878123264,sintetico
roma,3,convoluzione,60,0.12317853999015327,0.03111646000984672,0.11259470000004512,0.49214762513247573,sintetico
roma,3,montecarlo,100,0.16,0.005705000000000016,0.0033321999999316176,0.46,sintetico
roma,3,montecarlo,1000,0.18,0.025705000000000006,0.00937430000067252,0.446,sintetico
roma,3,montecarlo,10000,0.1579,0.003605000000000025,0.03134110000064538,0.4666,sintetico
roma,3,montecarlo,100000,0.15562,0.0013250000000000206,0.19378879999931087,0.45892,sintetico
roma,0,convoluzione,5,0.8767142889119119,0.002794288911911913,0.017408200000318175,0.0,sintetico
roma,0,convoluzione,10,0.8767142889119118,0.002794288911911802,0.015263999999660882,0.0,sintetico
roma,0,convoluzione,30,0.866417465470399,0.007502534529601035,0.014346799999657378,0.0,sintetico
roma,0,convoluzione,60,0.8492494437395944,0.024670556260405596,0.01430160000018077,0.0,sintetico
roma,0,montecarlo,100,0.88,0.006079999999999974,0.0009907000003295252,0.0,sintetico
roma,0,montecarlo,1000,0.891,0.017079999999999984,0.001992499999687425,0.0,sintetico
roma,0,montecarlo,10000,0.8788,0.0048799999999999955,0.009539600000607606,0.0,sintetico
roma,0,montecarlo,100000,0.87365,0.00026999999999999247,0.036284700000578596,0.0,sintetico
roma,2,convoluzione,5,0.30767463220318036,0.0017246322031803651,0.08985020000000077,5.36254474652071e-10,sintetico
roma,2,convoluzione,10,0.3076746322031804,0.0017246322031804207,0.08297330000004877,5.362544746520709e-10,sintetico
roma,2,convoluzione,30,0.2890918856740695,0.016858114325930484,0.08171999999922264,6.148289988201427e-10,sintetico
roma,2,convoluzione,60,0.2608827511698084,0.045067248830191586,0.10178220000034344,7.535496182606056e-10,sintetico
roma,2,montecarlo,100,0.29,0.01595000000000002,0.005855899999914982,0.0,sintetico
roma,2,montecarlo,1000,0.31,0.004049999999999998,0.01503690000026836,0.0,sintetico
roma,2,montecarlo,10000,0.3019,0.004049999999999998,0.04205469999942579,0.0,sintetico
roma,2,montecarlo,100000,0.30797,0.0020200000000000218,0.15508500000032654,7e-05,sintetico
roma,1,convoluzione,5,0.7003700329765296,0.003690032976529589,0.04784950000066601,0.0,sintetico
roma,1,convoluzione,10,0.7003700329765294,0.003690032976529478,0.04646930000035354,0.0,sintetico
roma,1,convoluzione,30,0.6863758546246068,0.010304145375393148,0.04305899999963003,0.0,sintetico
roma,1,convoluzione,60,0.6640689837434601,0.03261101625653984,0.04227069999978994,0.0,sintetico
roma,1,montecarlo,100,0.72,0.023320000000000007,0.0016755000006014598,0.0,sintetico
roma,1,montecarlo,1000,0.704,0.007319999999999993,0.0029666000000361237,0.0,sintetico
roma,1,montecarlo,10000,0.703,0.006319999999999992,0.009266300000490446,0.0,sintetico
roma,1,montecarlo,100000,0.69816,0.0014800000000000368,0.0594068000000334,0.0,sintetico
roma,2,convoluzione,5,0.6295776987253381,0.0005723012746619016,0.06669400000009773,0.3385651669807001,sintetico
roma,2,convoluzione,10,0.6295776987253382,0.0005723012746617906,0.05904579999969428,0.3385651669807001,sintetico
roma,2,convoluzione,30,0.6176549772132247,0.012495022786775278,0.05991650000032678,0.34753889731501464,sintetico
roma,2,convoluzione,60,0.5990772433353979,0.031072756664602075,0.0585826000005909,0.36112171288120803,sintetico
roma,2,montecarlo,100,0.62,0.010149999999999992,0.002366499999880034,0.34,sintetico
roma,2,montecarlo,1000,0.634,0.00385000000000002,0.006635499999902095,0.339,sintetico
roma,2,montecarlo,10000,0.6345,0.004349999999999965,0.022436499999457737,0.3326,sintetico
roma,2,montecarlo,100000,0.63101,0.0008599999999999719,0.13019989999975223,0.3372,sintetico
roma,2,convoluzione,5,0.6087657495507424,0.0013192504492576251,0.064459899999747,0.3385651669807001,sintetico
roma,2,convoluzione,10,0.6087657495507424,0.0013192504492576251,0.06354689999989205,0.3385651669807001,sintetico
roma,2,convoluzione,30,0.5978061121181241,0.012278887881875922,0.07161249999990105,0.34753889731501464,sintetico
roma,2,convoluzione,60,0.5771215272098515,0.03296347279014844,0.06377929999962362,0.36112171288120803,sintetico
roma,2,montecarlo,100,0.62,0.009915000000000007,0.0026140999998460757,0.34,sintetico
roma,2,montecarlo,1000,0.616,0.005915000000000004,0.005825100000038219,0.339,sintetico
roma,2,montecarlo,10000,0.6163,0.0062149999999999705,0.020262400000319758,0.3326,sintetico
roma,2,montecarlo,100000,0.61046,0.0003750000000000142,0.12986300000011397,0.3372,sintetico
torino,0,convoluzione,5,0.9993763611943747,6.36388056253212e-05,0.01603530000011233,0.0,sintetico
torino,0,convoluzione,10,0.9993763611943745,6.363880562554325e-05,0.014834499999778927,0.0,sintetico
torino,0,convoluzione,30,0.9991854484811015,0.000254551518898527,0.014500500000394823,0.0,sintetico
torino,0,convoluzione,60,0.9987788590007799,0.0006611409992201001,0.014125499999863678,0.0,sintetico
torino,0,montecarlo,100,1.0,0.0005600000000000049,0.0005630000005112379,0.0,sintetico
torino,0,montecarlo,1000,1.0,0.0005600000000000049,0.0009499000007053837,0.0,sintetico
torino,0,montecarlo,10000,0.9994,4.0000000000040004e-05,0.0030713999994986807,0.0,sintetico
torino,0,montecarlo,100000,0.99939,4.999999999999449e-05,0.022980000000643486,0.0,sintetico
torino,1,convoluzione,5,0.994501659241757,0.0003333407582429837,0.058848899999247806,9.005057035796975e-20,sintetico
torino,1,convoluzione,10,0.994501659241757,0.0003333407582429837,0.053511799999796494,9.005057035796975e-20,sintetico
torino,1,convoluzione,30,0.9919617765216511,0.002873223478348952,0.05203610000080516,1.2960118286945362e-19,sintetico
torino,1,convoluzione,60,0.986189150838958,0.008645849161042052,0.051087400000142225,2.2088117085066473e-19,sintetico
torino,1,montecarlo,100,1.0,0.005164999999999975,0.0008943000002545887,0.0,sintetico
torino,1,montecarlo,1000,0.993,0.001835000000000031,0.0018428000003041234,0.0,sintetico
torino,1,montecarlo,10000,0.9943,0.0005350000000000632,0.005675299999893468,0.0,sintetico
torino,1,montecarlo,100000,0.99443,0.0004049999999999887,0.042627900000297814,0.0,sintetico
torino,2,convoluzione,5,0.08816513790340649,0.0015701379034064877,0.10271909999937634,0.15579561835764175,sintetico
torino,2,convoluzione,10,0.08130754778540975,0.00528745221459026,0.0960095000000365,0.1587633266976928,sintetico
torino,2,convoluzione,30,0.06952551281336641,0.017069487186633592,0.09893430000010994,0.17086163270942378,sintetico
torino,2,convoluzione,60,0.05435514513872313,0.032239854861276875,0.09316000000035274,0.1899071505739508,sintetico
torino,2,montecarlo,100,0.03,0.056595000000000006,0.0032534000001760432,0.14,sintetico
torino,2,montecarlo,1000,0.091,0.004404999999999992,0.009364499999719555,0.141,sintetico
torino,2,montecarlo,10000,0.0852,0.0013950000000000073,0.030587399999603804,0.1506,sintetico
torino,2,montecarlo,100000,0.08872,0.002124999999999988,0.17833470000005036,0.15663,sintetico
torino,1,convoluzione,5,0.9377835614216655,0.001301438578334424,0.06449350000002596,0.0,sintetico
torino,1,convoluzione,10,0.9377835614216656,0.001301438578334313,0.062365699999645585,0.0,sintetico
torino,1,convoluzione,30,0.9314284645899591,0.0076565354100408545,0.05393370000001596,0.0,sintetico
torino,1,convoluzione,60,0.9205353784936428,0.018549621506357195,0.05400909999934811,0.0,sintetico
torino,1,montecarlo,100,0.96,0.020915000000000017,0.0010385000005044276,0.0,sintetico
torino,1,montecarlo,1000,0.94,0.0009149999999999991,0.0017345999995086459,0.0,sintetico
torino,1,montecarlo,10000,0.9441,0.005015000000000103,0.005668300000252202,0.0,sintetico
torino,1,montecarlo,100000,0.93993,0.0008450000000000957,0.04255959999954939,0.0,sintetico
torino,2,convoluzione,5,0.27782615979960035,0.0007088402003996297,0.1261399999993955,0.002556541834891223,sintetico
torino,2,convoluzione,10,0.2778261597996004,0.0007088402003995742,0.11274820000016916,0.002556541834891222,sintetico
torino,2,convoluzione,30,0.2639525682251129,0.01458243177488705,0.10621479999917938,0.0028078626725373816,sintetico
torino,2,convoluzione,60,0.2438975497990976,0.034637450200902364,0.10246100000040315,0.0032464844376322707,sintetico
torino,2,montecarlo,100,0.24,0.038534999999999986,0.0035467999996399158,0.0,sintetico
torino,2,montecarlo,1000,0.285,0.0064649999999999985,0.008324100000209,0.0,sintetico
torino,2,montecarlo,10000,0.2769,0.0016349999999999976,0.03014759999950911,0.0033,sintetico
torino,2,montecarlo,100000,0.27887,0.0003350000000000297,0.18657319999965694,0.00288,sintetico
torino,3,convoluzione,5,0.21047679240837597,0.0008017924083759675,0.18649460000051477,0.004435373837676026,sintetico
torino,3,convoluzione,10,0.210476792408376,0.0008017924083759953,0.14649649999955727,0.004435373837676025,sintetico
torino,3,convoluzione,30,0.19238575922055767,0.017289240779442328,0.14397980000012467,0.004861706943251637,sintetico
torino,3,convoluzione,60,0.16545289149516332,0.04422210850483668,0.14085740000064106,0.0055298027255775515,sintetico
torino,3,montecarlo,100,0.17,0.03967499999999999,0.003917699999874458,0.01,sintetico
torino,3,montecarlo,1000,0.209,0.0006750000000000089,0.01016559999970923,0.007,sintetico
torino,3,montecarlo,10000,0.2071,0.002574999999999994,0.03639700000076118,0.0104,sintetico
torino,3,montecarlo,100000,0.20938,0.0002949999999999897,0.2334486999998262,0.0095,sintetico
torino,1,convoluzione,5,0.35953315767962174,0.006326842320378279,0.0759211000004143,2.131447933672556e-06,sintetico
torino,1,convoluzione,10,0.35953315767962174,0.006326842320378279,0.06810970000060479,2.1314479336725558e-06,sintetico
torino,1,convoluzione,30,0.3451258962398464,0.02073410376015361,0.06450990000030288,2.2798383270414805e-06,sintetico
torino,1,convoluzione,60,0.3230406323049617,0.0428193676950383,0.06520649999947636,2.5346414541573305e-06,sintetico
torino,1,montecarlo,100,0.35,0.01586000000000004,0.001909200000227429,0.0,sintetico
torino,1,montecarlo,1000,0.367,0.0011399999999999744,0.004955799999152077,0.0,sintetico
torino,1,montecarlo,10000,0.3644,0.0014600000000000168,0.017723400000249967,0.0,sintetico
torino,1,montecarlo,100000,0.36635,0.0004899999999999904,0.1177784999999858,0.0,sintetico
torino,2,convoluzione,5,0.5849230247173746,0.0030019752826254686,0.09857490000013058,0.012267434462420712,sintetico
torino,2,convoluzione,10,0.5849230247173746,0.0030019752826254686,0.09543200000007346,0.012267434462420715,sintetico
torino,2,convoluzione,30,0.5632268242274022,0.024698175772597808,0.09360710000055406,0.013482549588414328,sintetico
torino,2,convoluzione,60,0.5286048829919893,0.059320117008010764,0.09088580000025104,0.015025550379246076,sintetico
torino,2,montecarlo,100,0.58,0.007925000000000071,0.0029119000000719097,0.01,sintetico
torino,2,montecarlo,1000,0.585,0.0029250000000000664,0.007501400000364811,0.012,sintetico
torino,2,montecarlo,10000,0.5883,0.0003750000000000142,0.02622999999948661,0.0164,sintetico
torino,2,montecarlo,100000,0.58821,0.0002849999999999797,0.16774330000043847,0.01855,sintetico
torino,3,convoluzione,5,0.10600748702504828,8.74870250482801e-05,0.0985117000000173,0.810758320083377,sintetico
torino,3,convoluzione,10,0.10600748702504828,8.74870250482801e-05,0.09524359999977605,0.810758320083377,sintetico
torino,3,convoluzione,30,0.09396619430901873,0.01195380569098127,0.09489159999975527,0.8249434251178632,sintetico
torino,3,convoluzione,60,0.08137971082726281,0.024540289172737192,0.08949909999955707,0.845183182381238,sintetico
torino,3,montecarlo,100,0.09,0.015920000000000004,0.0032632000002195127,0.82,sintetico
torino,3,montecarlo,1000,0.121,0.015079999999999996,0.009144999999989523,0.797,sintetico
torino,3,montecarlo,10000,0.1038,0.002119999999999997,0.028486399999565037,0.8109,sintetico
torino,3,montecarlo,100000,0.10659,0.0006700000000000039,0.17371320000074775,0.80992,sintetico
torino,1,convoluzione,5,0.6794031484115376,0.0024418515884624403,0.030499200000122073,0.0,sintetico
torino,1,convoluzione,10,0.6794031484115376,0.0024418515884624403,0.027982800000245334,0.0,sintetico
torino,1,convoluzione,30,0.679403148411538,0.0024418515884619962,0.026880399999754445,0.0,sintetico
torino,1,convoluzione,60,0.6794031484115379,0.0024418515884621073,0.02691690000028757,0.0,sintetico
torino,1,montecarlo,100,0.7,0.01815499999999992,0.0018260999995618477,0.0,sintetico
torino,1,montecarlo,1000,0.702,0.020154999999999923,0.004153500000029453,0.0,sintetico
torino,1,montecarlo,10000,0.684,0.002155000000000018,0.012264199999663106,0.0,sintetico
torino,1,montecarlo,100000,0.67876,0.0030850000000000044,0.06565479999972013,0.0,sintetico
torino,2,convoluzione,5,0.4179273710267266,0.006322628973273403,0.08496290000039153,0.17634708943924912,sintetico
torino,2,convoluzione,10,0.40031641561105025,0.02393358438894977,0.08350269999937154,0.19692941022334584,sintetico
torino,2,convoluzione,30,0.34375340766649315,0.08049659233350687,0.08258680000017193,0.22321205532370672,sintetico
torino,2,convoluzione,60,0.29481422054348827,0.12943577945651175,0.07965619999959017,0.2659231532628375,sintetico
torino,2,montecarlo,100,0.41,0.01425000000000004,0.002560799999628216,0.18,sintetico
torino,2,montecarlo,1000,0.441,0.016749999999999987,0.005925600000409759,0.163,sintetico
torino,2,montecarlo,10000,0.4201,0.0041500000000000425,0.01936310000019148,0.1791,sintetico
torino,2,montecarlo,100000,0.4266,0.0023499999999999632,0.12281359999997221,0.17733,sintetico
torino,3,convoluzione,5,0.7988953377207815,0.009244662279218496,0.11887099999967177,0.1592750315473883,sintetico
torino,3,convoluzione,10,0.7988953377207816,0.009244662279218385,0.10987099999965722,0.1592750315473883,sintetico
torino,3,convoluzione,30,0.7761036265204461,0.0320363734795539,0.10567100000025675,0.1809219925116509,sintetico
torino,3,convoluzione,60,0.731334318502037,0.07680568149796296,0.1053117999999813,0.22095338111709226,sintetico
torino,3,montecarlo,100,0.84,0.03186,0.002424100000098406,0.11,sintetico
torino,3,montecarlo,1000,0.814,0.005859999999999976,0.005804099999295431,0.141,sintetico
torino,3,montecarlo,10000,0.8052,0.0029399999999999427,0.020857700000306068,0.1497,sintetico
torino,3,montecarlo,100000,0.80801,0.00012999999999996348,0.1398865000001024,0.15083,sintetico
torino,2,convoluzione,5,0.9565449129008672,0.0019100870991327623,0.05994709999959014,0.00965526018658463,sintetico
torino,2,convoluzione,10,0.9565449129008673,0.0019100870991326513,0.05570420000003651,0.009655260186584629,sintetico
torino,2,convoluzione,30,0.9561678270769104,0.0022871729230895532,0.06064369999967312,0.010037153820357187,sintetico
torino,2,convoluzione,60,0.9498245080791534,0.008630491920846528,0.06110850000004575,0.010653804872033393,sintetico
torino,2,montecarlo,100,0.95,0.00845499999999999,0.0017060999998648185,0.01,sintetico
torino,2,montecarlo,1000,0.965,0.006545000000000023,0.003529800000251271,0.008,sintetico
torino,2,montecarlo,10000,0.9588,0.0003450000000000397,0.012059300000146322,0.0079,sintetico
torino,2,montecarlo,100000,0.95721,0.0012449999999999406,0.07892899999933434,0.00953,sintetico
torino,3,convoluzione,5,0.955725293344132,0.0017247066558679913,0.11579670000082842,0.010488391557269588,sintetico
torino,3,convoluzione,10,0.9557252933441321,0.0017247066558678803,0.11460880000049656,0.010488391557269586,sintetico
torino,3,convoluzione,30,0.9552078153133757,0.0022421846866242934,0.10430559999986144,0.011013388383155824,sintetico
torino,3,convoluzione,60,0.9485856297466201,0.008864370253379938,0.10518779999983963,0.011919449445061589,sintetico
torino,3,montecarlo,100,0.95,0.007450000000000068,0.002211699999861594,0.01,sintetico
torino,3,montecarlo,1000,0.959,0.0015499999999999403,0.004878199999438948,0.008,sintetico
torino,3,montecarlo,10000,0.9573,0.00014999999999998348,0.015230399999381916,0.0108,sintetico
torino,3,montecarlo,100000,0.9564,0.0010499999999999954,0.11108519999925193,0.01102,sintetico
torino,1,convoluzione,5,0.2440711053051025,0.0023961053051025083,0.06035359999987122,0.010099812191722204,sintetico
torino,1,convoluzione,10,0.2440711053051025,0.0023961053051025083,0.0579888000002029,0.010099812191722204,sintetico
torino,1,convoluzione,30,0.2371998114531731,0.004475188546826908,0.054423599999608996,0.01028992041981282,sintetico
torino,1,convoluzione,60,0.2131587913505816,0.028516208649418395,0.053592399999615736,0.010589185546186703,sintetico
torino,1,montecarlo,100,0.27,0.028325000000000017,0.0023734000005788403,0.02,sintetico
torino,1,montecarlo,1000,0.275,0.03332500000000002,0.007232399999338668,0.016,sintetico
torino,1,montecarlo,10000,0.2391,0.002574999999999994,0.022955500000534812,0.017,sintetico
torino,1,montecarlo,100000,0.24265,0.0009750000000000036,0.12640060000012454,0.01811,sintetico
torino,3,convoluzione,5,0.019508011909893194,0.00014198809010680657,0.11750740000024962,0.7165500473356,sintetico
torino,3,convoluzione,10,0.019508011909893198,0.0001419880901068031,0.10810159999982716,0.7165500473356,sintetico
torino,3,convoluzione,30,0.016811249584515527,0.002838750415484474,0.1044160000001284,0.7298877192501548,sintetico
torino,3,convoluzione,60,0.011970245495553615,0.007679754504446386,0.1027723999995942,0.7492364427952444,sintetico
torino,3,montecarlo,100,0.01,0.00965,0.0030558999997083447,0.73,sintetico
torino,3,montecarlo,1000,0.009,0.010650000000000001,0.009391300000061165,0.711,sintetico
torino,3,montecarlo,10000,0.0199,0.0002500000000000002,0.03672120000010182,0.7161,sintetico
torino,3,montecarlo,100000,0.01933,0.00032000000000000084,0.22304590000021562,0.72052,sintetico
torino,1,convoluzione,5,0.39724846754166765,0.0013115324583323762,0.060684000000037486,0.011022265239015408,sintetico
torino,1,convoluzione,10,0.39724846754166765,0.0013115324583323762,0.05753439999989496,0.011022265239015408,sintetico
torino,1,convoluzione,30,0.38013237710020864,0.018427622899791385,0.05528480000066338,0.011248006679715232,sintetico
torino,1,convoluzione,60,0.36858562100062037,0.02997437899937966,0.05265369999960967,0.011617606636154246,sintetico
torino,1,montecarlo,100,0.39,0.008560000000000012,0.00224770000022545,0.02,sintetico
torino,1,montecarlo,1000,0.382,0.01656000000000002,0.006978200000048673,0.023,sintetico
torino,1,montecarlo,10000,0.4073,0.00873999999999997,0.025705500000185566,0.0241,sintetico
torino,1,montecarlo,100000,0.396,0.0025600000000000067,0.14441420000002836,0.02282,sintetico
torino,2,convoluzione,5,0.11777902603038598,0.0014240260303859803,0.08144179999999324,0.6402017850884628,sintetico
torino,2,convoluzione,10,0.11777902603038598,0.0014240260303859803,0.06768079999983456,0.6402017850884628,sintetico
torino,2,convoluzione,30,0.10619882515351939,0.010156174846480612,0.06665929999962827,0.6536051329975929,sintetico
torino,2,convoluzione,60,0.09427914100484662,0.02207585899515338,0.0668297000001985,0.6731463011733595,sintetico
torino,2,montecarlo,100,0.15,0.033644999999999994,0.0028127000005042646,0.65,sintetico
torino,2,montecarlo,1000,0.133,0.016645000000000007,0.008169400000042515,0.632,sintetico
torino,2,montecarlo,10000,0.1137,0.0026550000000000046,0.02648629999930563,0.6487,sintetico
torino,2,montecarlo,100000,0.11705,0.0006950000000000012,0.14775290000034147,0.64947,sintetico
torino,0,convoluzione,5,0.5894620661607812,0.0036879338392187266,0.014540299999680428,0.0,sintetico
torino,0,convoluzione,10,0.5894620661607811,0.0036879338392188377,0.013398500000221247,0.0,sintetico
torino,0,convoluzione,30,0.5894620661607812,0.0036879338392187266,0.013340400000743102,0.0,sintetico
torino,0,convoluzione,60,0.5894620661607809,0.0036879338392190597,0.01253530000030878,0.0,sintetico
torino,0,montecarlo,100,0.57,0.023150000000000004,0.001131099999838625,0.0,sintetico
torino,0,montecarlo,1000,0.597,0.00385000000000002,0.0024355999994440936,0.0,sintetico
torino,0,montecarlo,10000,0.5928,0.00034999999999996145,0.006172599999445083,0.0,sintetico
torino,0,montecarlo,100000,0.59304,0.00010999999999994348,0.033151700000416895,0.0,sintetico
torino,3,convoluzione,5,0.2551015855190304,0.0020465855190304194,0.1303544000002148,0.30688065735820347,sintetico
torino,3,convoluzione,10,0.24871129879155834,0.0043437012084416304,0.12439929999982269,0.31419110156419155,sintetico
torino,3,convoluzione,30,0.23193467658961306,0.021120323410386915,0.11755679999987478,0.3273472508181283,sintetico
torino,3,convoluzione,60,0.2160137803090832,0.03704121969091678,0.11712710000028892,0.347808657714429,sintetico
torino,3,montecarlo,100,0.34,0.08694500000000005,0.004350899999735702,0.3,sintetico
torino,3,montecarlo,1000,0.255,0.00194500000000003,0.01465360000020155,0.324,sintetico
torino,3,montecarlo,10000,0.2549,0.001845000000000041,0.058304600000155915,0.3078,sintetico
torino,3,montecarlo,100000,0.25102,0.0020349999999999535,0.3567537999997512,0.3147,sintetico
torino,3,convoluzione,5,0.053457837815814487,0.002362837815814485,0.16162830000030226,0.3239627866389637,sintetico
torino,3,convoluzione,10,0.053457837815814487,0.002362837815814485,0.1535500999998476,0.3239627866389637,sintetico
torino,3,convoluzione,30,0.045139606027266174,0.005955393972733827,0.17675689999941824,0.34389590695192557,sintetico
torino,3,convoluzione,60,0.034788467243045997,0.016306532756954005,0.17150779999974475,0.3747447815848614,sintetico
torino,3,montecarlo,100,0.05,0.0010949999999999988,0.004230900000038673,0.34,sintetico
torino,3,montecarlo,1000,0.053,0.001904999999999997,0.015668600000026345,0.318,sintetico
torino,3,montecarlo,10000,0.0492,0.0018950000000000009,0.05031810000036785,0.3293,sintetico
torino,3,montecarlo,100000,0.05226,0.0011649999999999994,0.2761774000000514,0.33061,sintetico
torino,2,convoluzione,5,0.05954769701939042,0.003912302980609579,0.11929520000012417,0.03346177474189336,sintetico
torino,2,convoluzione,10,0.059547697019390416,0.003912302980609586,0.11723780000011175,0.03346177474189336,sintetico
torino,2,convoluzione,30,0.05209504829234456,0.01136495170765544,0.10622440000042843,0.03460168344947519,sintetico
torino,2,convoluzione,60,0.0394506707074797,0.024009329292520303,0.10428740000043035,0.036334560343115864,sintetico
torino,2,montecarlo,100,0.06,0.0034600000000000047,0.0032359999995605904,0.02,sintetico
torino,2,montecarlo,1000,0.075,0.011539999999999995,0.010455499999807216,0.029,sintetico
torino,2,montecarlo,10000,0.0614,0.0020599999999999993,0.032355300000745046,0.0331,sintetico
torino,2,montecarlo,100000,0.06367,0.00021000000000000185,0.18366299999979674,0.03358,sintetico
torino,3,convoluzione,5,0.3084711611658471,0.0013988388341528712,0.1630542000002606,0.3850610546180607,sintetico
torino,3,convoluzione,10,0.3084711611658471,0.0013988388341528712,0.14648849999957747,0.3850610546180607,sintetico
torino,3,convoluzione,30,0.29176637447438414,0.01810362552561584,0.14707449999968958,0.3999283934388583,sintetico
torino,3,convoluzione,60,0.26570616861991553,0.04416383138008445,0.14481660000001284,0.4236827384933981,sintetico
torino,3,montecarlo,100,0.32,0.010130000000000028,0.003733500000635104,0.39,sintetico
torino,3,montecarlo,1000,0.326,0.016130000000000033,0.011801900000136811,0.359,sintetico
torino,3,montecarlo,10000,0.3074,0.0024699999999999722,0.04044109999995271,0.3764,sintetico
torino,3,montecarlo,100000,0.30876,0.0011099999999999999,0.22965280000062194,0.38264,sintetico
torino,2,convoluzione,5,0.3681005092291448,0.0038344907708552367,0.11465510000016366,0.22362858053513587,sintetico
torino,2,convoluzione,10,0.36810050922914483,0.003834490770855181,0.10758489999989251,0.22362858053513587,sintetico
torino,2,convoluzione,30,0.3558655767793734,0.0160694232206266,0.10503100000005361,0.23915553657183025,sintetico
torino,2,convoluzione,60,0.33575373271772163,0.036181267282278384,0.10428299999966839,0.2635510070872567,sintetico
torino,2,montecarlo,100,0.34,0.03193499999999999,0.0029436000004352536,0.19,sintetico
torino,2,montecarlo,1000,0.398,0.026065000000000005,0.008493099999213882,0.208,sintetico
torino,2,montecarlo,10000,0.3693,0.0026349999999999985,0.027929199999562115,0.2219,sintetico
torino,2,montecarlo,100000,0.37159,0.0003450000000000397,0.15329300000030344,0.22567,sintetico
torino,2,convoluzione,5,0.6121706780294354,0.008640678029435356,0.1146416000001409,0.05037885933050709,sintetico
torino,2,convoluzione,10,0.6121706780294353,0.008640678029435245,0.10511640000004263,0.05037885933050709,sintetico
torino,2,convoluzione,30,0.5923328831890988,0.011197116810901186,0.10619020000012824,0.05184365051799439,sintetico
torino,2,convoluzione,60,0.5571398355594955,0.04639016444050448,0.1022806999999375,0.05410692654843308,sintetico
torino,2,montecarlo,100,0.63,0.026469999999999994,0.003347099999700731,0.03,sintetico
torino,2,montecarlo,1000,0.623,0.019469999999999987,0.01032870000017283,0.042,sintetico
torino,2,montecarlo,10000,0.6031,0.00043000000000004146,0.03188190000037139,0.0516,sintetico
torino,2,montecarlo,100000,0.6028,0.0007300000000000084,0.24340329999995447,0.0516,sintetico
torino,3,convoluzione,5,0.3230504609191684,0.0011754609191683696,0.1537066999999297,0.02050288298997557,sintetico
torino,3,convoluzione,10,0.32305046091916834,0.001175460919168314,0.14691700000003038,0.02050288298997557,sintetico
torino,3,convoluzione,30,0.30385531688915385,0.018019683110846174,0.14430540000012115,0.021667720444794574,sintetico
torino,3,convoluzione,60,0.2722400743649347,0.04963492563506533,0.14213230000041222,0.02379192971813464,sintetico
torino,3,montecarlo,100,0.27,0.051875000000000004,0.004446399999324058,0.02,sintetico
torino,3,montecarlo,1000,0.33,0.008124999999999993,0.013202199999795994,0.014,sintetico
torino,3,montecarlo,10000,0.3201,0.0017750000000000266,0.0400407000006453,0.0206,sintetico
torino,3,montecarlo,100000,0.3193,0.0025750000000000495,0.23387220000040543,0.02029,sintetico
torino,3,convoluzione,5,0.47583292573253644,0.0006229257325364168,0.1576294999995298,0.06292716056403153,sintetico
torino,3,convoluzione,10,0.4745054901174835,0.0007045098825165241,0.14877479999995558,0.06475772440220909,sintetico
torino,3,convoluzione,30,0.45525376205305557,0.019956237946944455,0.1430503999999928,0.06749315973395376,sintetico
torino,3,convoluzione,60,0.42027336592635955,0.05493663407364047,0.1404646999999386,0.07175680298047123,sintetico
torino,3,montecarlo,100,0.5,0.02478999999999998,0.004925600000206032,0.07,sintetico
torino,3,montecarlo,1000,0.48,0.004789999999999961,0.012518200000158686,0.052,sintetico
torino,3,montecarlo,10000,0.4772,0.0019899999999999918,0.0433020000000397,0.0626,sintetico
torino,3,montecarlo,100000,0.47464,0.0005700000000000149,0.259989800000767,0.06413,sintetico
torino,1,convoluzione,5,0.6718674859009646,0.004352485900964598,0.07131399999980204,2.6020962386965596e-07,sintetico
torino,1,convoluzione,10,0.6687995391479024,0.001284539147902386,0.06836420000036014,2.680672437398373e-07,sintetico
torino,1,convoluzione,30,0.6656022164363613,0.0019127835636386648,0.06522300000051473,2.762638317202793e-07,sintetico
torino,1,convoluzione,60,0.6605980392423966,0.0069169607576033965,0.06399920000058046,2.8907898136030294e-07,sintetico
torino,1,montecarlo,100,0.77,0.10248500000000005,0.0021098999995956547,0.0,sintetico
torino,1,montecarlo,1000,0.665,0.002514999999999934,0.00580309999986639,0.0,sintetico
torino,1,montecarlo,10000,0.6736,0.006085000000000007,0.018143700000109675,0.0006,sintetico
torino,1,montecarlo,100000,0.66796,0.0004450000000000287,0.10697090000030585,0.00061,sintetico
torino,0,convoluzione,5,0.9002641863355025,0.0015958136644974585,0.016621699999632256,0.0,sintetico
torino,0,convoluzione,10,0.9002641863355026,0.0015958136644973475,0.014645500000369793,0.0,sintetico
torino,0,convoluzione,30,0.895719074608924,0.006140925391076024,0.01378629999999248,0.0,sintetico
torino,0,convoluzione,60,0.8807168065871585,0.021143193412841543,0.013998899999933201,0.0,sintetico
torino,0,montecarlo,100,0.9,0.0018599999999999728,0.0009482999994361307,0.0,sintetico
torino,0,montecarlo,1000,0.914,0.01214000000000004,0.002347900000131631,0.0,sintetico
torino,0,montecarlo,10000,0.903,0.0011400000000000299,0.006703600000037113,0.0,sintetico
torino,0,montecarlo,100000,0.90203,0.00017000000000000348,0.036036999999851105,0.0,sintetico
torino,1,convoluzione,5,0.8834328383772223,0.000907161622777708,0.07124070000008942,0.0,sintetico
torino,1,convoluzione,10,0.8834328383772224,0.0009071616227775969,0.06702790000053938,0.0,sintetico
torino,1,convoluzione,30,0.8782865179551821,0.006053482044817926,0.06596429999990505,0.0,sintetico
torino,1,convoluzione,60,0.8640974411402377,0.02024255885976234,0.06626390000019455,0.0,sintetico
torino,1,montecarlo,100,0.88,0.0043400000000000105,0.0017879999995784601,0.0,sintetico
torino,1,montecarlo,1000,0.898,0.013660000000000005,0.004264199999852281,0.0,sintetico
torino,1,montecarlo,10000,0.8842,0.000140000000000029,0.015440500000295287,0.0001,sintetico
torino,1,montecarlo,100000,0.88431,2.999999999997449e-05,0.09390580000035698,1e-05,sintetico
torino,2,convoluzione,5,0.5008717649104553,0.003811764910455262,0.11640609999994922,0.00038927475565851607,sintetico
torino,2,convoluzione,10,0.5008717649104553,0.003811764910455262,0.10774649999984831,0.0003892747556585161,sintetico
torino,2,convoluzione,30,0.4841901208644866,0.012869879135513407,0.10438760000033653,0.00041726266477950814,sintetico
torino,2,convoluzione,60,0.4545959701670291,0.04246402983297093,0.10849830000006477,0.0004640943727238603,sintetico
torino,2,montecarlo,100,0.49,0.007060000000000011,0.00326390000009269,0.0,sintetico
torino,2,montecarlo,1000,0.503,0.005940000000000001,0.01052479999998468,0.0,sintetico
torino,2,montecarlo,10000,0.4978,0.0007400000000000184,0.031766500000230735,0.0009,sintetico
torino,2,montecarlo,100000,0.49771,0.0006499999999999839,0.19342039999992267,0.00076,sintetico
torino,2,convoluzione,5,0.27548351236544943,0.0015314876345505768,0.08655730000009498,0.01621114530973387,sintetico
torino,2,convoluzione,10,0.27548351236544943,0.0015314876345505768,0.08057149999967805,0.016211145309733874,sintetico
torino,2,convoluzione,30,0.2557412100615735,0.02127378993842649,0.07841169999937847,0.017417350946116267,sintetico
torino,2,convoluzione,60,0.22488370688099524,0.052131293119004773,0.07615900000018883,0.019660335990658168,sintetico
torino,2,montecarlo,100,0.26,0.017015000000000002,0.0024474000001646345,0.01,sintetico
torino,2,montecarlo,1000,0.279,0.0019850000000000145,0.005997300000672112,0.008,sintetico
torino,2,montecarlo,10000,0.2767,0.0003150000000000097,0.019849400000566675,0.0153,sintetico
torino,2,montecarlo,100000,0.27918,0.0021649999999999725,0.135087100000419,0.01644,sintetico
torino,3,convoluzione,5,0.05156036738619194,0.0026753673861919444,0.13204469999982393,0.09160807456194417,sintetico
torino,3,convoluzione,10,0.05156036738619195,0.0026753673861919514,0.12196729999959643,0.09160807456194416,sintetico
torino,3,convoluzione,30,0.0402451189923694,0.0086398810076306,0.12040170000000217,0.10170276542673518,sintetico
torino,3,convoluzione,60,0.027123367020207293,0.021761632979792705,0.11571040000035282,0.11956932197240945,sintetico
torino,3,montecarlo,100,0.06,0.011115,0.0028875999996671453,0.08,sintetico
torino,3,montecarlo,1000,0.054,0.0051150000000000015,0.007947500000227592,0.092,sintetico
torino,3,montecarlo,10000,0.0499,0.001015000000000002,0.028392000000167172,0.091,sintetico
torino,3,montecarlo,100000,0.0493,0.0004149999999999987,0.20039249999990716,0.0897,sintetico
torino,1,convoluzione,5,0.740095212624607,0.0032397873753929884,0.058291499999540974,0.0,sintetico
torino,1,convoluzione,10,0.740095212624607,0.0032397873753929884,0.052593599999454455,0.0,sintetico
torino,1,convoluzione,30,0.7330107543340076,0.010324245665992327,0.05470240000067861,0.0,sintetico
torino,1,convoluzione,60,0.7107182610565059,0.03261673894349404,0.051656800000273506,0.0,sintetico
torino,1,montecarlo,100,0.8,0.056665000000000076,0.0015223000000332831,0.0,sintetico
torino,1,montecarlo,1000,0.749,0.005665000000000031,0.00351669999963633,0.0,sintetico
torino,1,montecarlo,10000,0.7504,0.007064999999999988,0.011066099999879953,0.0,sintetico
torino,1,montecarlo,100000,0.74297,0.0003649999999999487,0.06740569999965373,0.0,sintetico
torino,2,convoluzione,5,0.10793119779900189,0.0029811977990018834,0.11184339999999793,0.05823728941170378,sintetico
torino,2,convoluzione,10,0.10328990616810606,0.001660093831893944,0.11127619999933813,0.05823728967652049,sintetico
torino,2,convoluzione,30,0.09269506070868648,0.012254939291313521,0.10328959999969811,0.060083554060059094,sintetico
torino,2,convoluzione,60,0.07232229702052452,0.03262770297947548,0.10621480000008887,0.06304686468684481,sintetico
torino,2,montecarlo,100,0.11,0.005049999999999999,0.002956100000119477,0.05,sintetico
torino,2,montecarlo,1000,0.113,0.008050000000000002,0.009020399999826623,0.047,sintetico
torino,2,montecarlo,10000,0.1076,0.0026499999999999996,0.025845699999990757,0.0582,sintetico
torino,2,montecarlo,100000,0.10665,0.0016999999999999932,0.15764639999997598,0.05889,sintetico
torino,1,convoluzione,5,0.3045842166225334,0.01140421662253338,0.07437260000006063,0.01649703695101789,sintetico
torino,1,convoluzione,10,0.28979149670999255,0.0033885032900074497,0.07126089999928809,0.017193649510902093,sintetico
torino,1,convoluzione,30,0.2335946995206733,0.0595853004793267,0.06642219999957888,0.017914295292637022,sintetico
torino,1,convoluzione,60,0.2119354671174651,0.08124453288253489,0.06524919999992562,0.01905196819829887,sintetico
torino,1,montecarlo,100,0.29,0.003180000000000016,0.0019127999994452693,0.0,sintetico
torino,1,montecarlo,1000,0.334,0.04082000000000002,0.004503199999817298,0.012,sintetico
torino,1,montecarlo,10000,0.2952,0.0020200000000000218,0.01342579999982263,0.0155,sintetico
torino,1,montecarlo,100000,0.2926,0.0005799999999999694,0.08330430000023625,0.01668,sintetico
torino,1,convoluzione,5,0.294936585393764,0.010076585393763993,0.07091309999941586,0.01649703695101789,sintetico
torino,1,convoluzione,10,0.2799697160816492,0.00489028391835078,0.0674632999998721,0.017193649510902093,sintetico
torino,1,convoluzione,30,0.2654248767156075,0.019435123284392508,0.06865090000064811,0.017914295292637022,sintetico
torino,1,convoluzione,60,0.244457185613277,0.040402814386722996,0.06395309999970777,0.01905196819829887,sintetico
torino,1,montecarlo,100,0.23,0.05485999999999999,0.0018638000001374166,0.0,sintetico
torino,1,montecarlo,1000,0.325,0.04014000000000001,0.0044042999998055166,0.012,sintetico
torino,1,montecarlo,10000,0.2873,0.0024399999999999977,0.013336600000002363,0.0155,sintetico
torino,1,montecarlo,100000,0.28443,0.00042999999999998595,0.08513940000011644,0.01668,sintetico
torino,0,convoluzione,5,0.8838848506433652,0.0027751493566348095,0.015452599999662198,0.0,sintetico
torino,0,convoluzione,10,0.8838848506433653,0.0027751493566346985,0.01438400000006368,0.0,sintetico
torino,0,convoluzione,30,0.8748969552157821,0.011763044784217858,0.013526700000511482,0.0,sintetico
torino,0,convoluzione,60,0.8748969552157821,0.011763044784217858,0.014334699999380973,0.0,sintetico
torino,0,montecarlo,100,0.91,0.023340000000000027,0.0008974000002126559,0.0,sintetico
torino,0,montecarlo,1000,0.89,0.0033400000000000096,0.0016434999997727573,0.0,sintetico
torino,0,montecarlo,10000,0.8864,0.000260000000000038,0.0047142000003077555,0.0,sintetico
torino,0,montecarlo,100000,0.8865,0.000160000000000049,0.03172619999986637,0.0,sintetico
torino,1,convoluzione,5,0.8806275700637782,0.0016224299362217476,0.057528199999978824,0.0,sintetico
torino,1,convoluzione,10,0.8806275700637782,0.0016224299362217476,0.05307689999972354,0.0,sintetico
torino,1,convoluzione,30,0.8714038727052267,0.0108461272947733,0.05059780000010505,0.0,sintetico
torino,1,convoluzione,60,0.8714033288761138,0.010846671123886154,0.051805699999931676,0.0,sintetico
torino,1,montecarlo,100,0.8,0.08224999999999993,0.0018552999999883468,0.0,sintetico
torino,1,montecarlo,1000,0.896,0.01375000000000004,0.003674700000374287,0.0,sintetico
torino,1,montecarlo,10000,0.881,0.0012499999999999734,0.012170200000582554,0.0,sintetico
torino,1,montecarlo,100000,0.88226,1.0000000000065512e-05,0.0736680999998498,0.0,sintetico
torino,3,convoluzione,5,0.6995909735666463,0.0009209735666463326,0.12761689999933878,0.0021238404715245825,sintetico
torino,3,convoluzione,10,0.6987710636514508,0.00010106365145079454,0.12256520000028104,0.002162365675253075,sintetico
torino,3,convoluzione,30,0.6834656660517803,0.01520433394821974,0.12132050000036543,0.0023302271486899066,sintetico
torino,3,convoluzione,60,0.6708701621429328,0.02779983785706719,0.1152313000002323,0.0025803998885929984,sintetico
torino,3,montecarlo,100,0.72,0.02132999999999996,0.0037013999999544467,0.0,sintetico
torino,3,montecarlo,1000,0.712,0.013329999999999953,0.008078400000158581,0.0,sintetico
torino,3,montecarlo,10000,0.7056,0.006929999999999992,0.028892199999972945,0.0025,sintetico
torino,3,montecarlo,100000,0.69865,2.0000000000020002e-05,0.17598540000017238,0.00227,sintetico
torino,2,convoluzione,5,0.7629223896944921,0.0033323896944921216,0.11078709999947023,0.0021238404715245825,sintetico
torino,2,convoluzione,10,0.7621601689285069,0.002570168928506922,0.09524000000055821,0.002162365675253075,sintetico
torino,2,convoluzione,30,0.7531254237839645,0.006464576216035467,0.09217080000053102,0.0023302271486899066,sintetico
torino,2,convoluzione,60,0.7387779658752613,0.020812034124738643,0.09127640000042447,0.0025803998885929984,sintetico
torino,2,montecarlo,100,0.75,0.009589999999999987,0.0028906000006827526,0.0,sintetico
torino,2,montecarlo,1000,0.771,0.011410000000000031,0.00695590000032098,0.0,sintetico
torino,2,montecarlo,10000,0.762,0.0024100000000000232,0.018302800000128627,0.0025,sintetico
torino,2,montecarlo,100000,0.75909,0.0004999999999999449,0.11865889999990031,0.00227,sintetico
torino,2,convoluzione,5,0.5737660058373306,0.001763994162669369,0.0995148000001791,1.6654061457440133e-05,sintetico
torino,2,convoluzione,10,0.5737660058373305,0.00176399416266948,0.09458029999950668,1.6654061457440133e-05,sintetico
torino,2,convoluzione,30,0.567247824985169,0.008282175014830973,0.09230599999955302,1.8578372287826608e-05,sintetico
torino,2,convoluzione,60,0.5380285929467645,0.03750140705323546,0.09283370000048308,2.1637241395836964e-05,sintetico
torino,2,montecarlo,100,0.52,0.05552999999999997,0.002689799999643583,0.0,sintetico
torino,2,montecarlo,1000,0.567,0.008530000000000038,0.00735999999960768,0.0,sintetico
torino,2,montecarlo,10000,0.5762,0.0006700000000000594,0.0259818999993513,0.0001,sintetico
torino,2,montecarlo,100000,0.57266,0.002870000000000039,0.15700250000008964,8e-05,sintetico
torino,2,convoluzione,5,0.30486494801612374,0.0031449480161237497,0.10075369999958639,0.02184499425524632,sintetico
torino,2,convoluzione,10,0.2990232497664653,0.0026967502335346616,0.0968473000002632,0.02231281792237048,sintetico
torino,2,convoluzione,30,0.2765116042331549,0.025208395766845082,0.09911600000032195,0.025069658296271915,sintetico
torino,2,convoluzione,60,0.24878145666204007,0.052938543337959915,0.09656139999970037,0.02962001579472563,sintetico
torino,2,montecarlo,100,0.34,0.038280000000000036,0.00326630000017758,0.02,sintetico
torino,2,montecarlo,1000,0.309,0.007280000000000009,0.010491000000001804,0.023,sintetico
torino,2,montecarlo,10000,0.2952,0.00651999999999997,0.03273319999971136,0.0232,sintetico
torino,2,montecarlo,100000,0.30162,9.999999999998899e-05,0.18003409999982978,0.02561,sintetico
torino,1,convoluzione,5,0.7754889012340649,0.0029460987659351012,0.04893530000026658,0.0,sintetico
torino,1,convoluzione,10,0.7754889012340649,0.0029460987659351012,0.047387800000251445,0.0,sintetico
torino,1,convoluzione,30,0.7684634763936729,0.009971523606327137,0.0423875999995289,0.0,sintetico
torino,1,convoluzione,60,0.7684628767697481,0.009972123230251873,0.041658400000414986,0.0,sintetico
torino,1,montecarlo,100,0.83,0.05156499999999997,0.0014121999993221834,0.0,sintetico
torino,1,montecarlo,1000,0.78,0.0015650000000000386,0.0030989999995654216,0.0,sintetico
torino,1,montecarlo,10000,0.7858,0.007365000000000066,0.009555700000419165,0.0,sintetico
torino,1,montecarlo,100000,0.77998,0.0015450000000000186,0.058885299999928975,0.0,sintetico
torino,1,convoluzione,5,0.677051740015108,0.002736740015108041,0.04698779999944236,0.0,sintetico
torino,1,convoluzione,10,0.6706783571905796,0.003636642809420443,0.044233900000108406,0.0,sintetico
torino,1,convoluzione,30,0.6677099431377526,0.006605056862247438,0.045368000000053144,0.0,sintetico
torino,1,convoluzione,60,0.6427874343726869,0.03152756562731307,0.041952600000513485,0.0,sintetico
torino,1,montecarlo,100,0.73,0.055684999999999985,0.002319799999895622,0.0,sintetico
torino,1,montecarlo,1000,0.671,0.003314999999999957,0.006706500000291271,0.0,sintetico
torino,1,montecarlo,10000,0.6778,0.0034849999999999604,0.019569400000364112,0.0003,sintetico
torino,1,montecarlo,100000,0.67484,0.0005249999999999977,0.12388749999990978,0.00035,sintetico
torino,2,convoluzione,5,0.36255324705989683,0.0016882470598968413,0.10120499999993626,0.01613348577141308,sintetico
torino,2,convoluzione,10,0.35271497313523176,0.008150026864768234,0.09600700000009965,0.016703200649961815,sintetico
torino,2,convoluzione,30,0.33998644579683257,0.02087855420316742,0.09684149999975489,0.017297450874818147,sintetico
torino,2,convoluzione,60,0.30771676682872917,0.05314823317127082,0.09493490000022575,0.01824665944002995,sintetico
torino,2,montecarlo,100,0.38,0.019135000000000013,0.004815899999812245,0.01,sintetico
torino,2,montecarlo,1000,0.355,0.005865000000000009,0.01355399999920337,0.016,sintetico
torino,2,montecarlo,10000,0.3587,0.0021649999999999725,0.039626000000680506,0.0176,sintetico
torino,2,montecarlo,100000,0.36137,0.0005050000000000332,0.2105597999998281,0.01725,sintetico
torino,0,convoluzione,5,0.9436379847148586,0.001047015285141395,0.01769030000014027,0.0,sintetico
torino,0,convoluzione,10,0.9436379847148585,0.001047015285141506,0.014616899999964517,0.0,sintetico
torino,0,convoluzione,30,0.9371482313262746,0.007536768673725436,0.014261999999689579,0.0,sintetico
torino,0,convoluzione,60,0.9371482313262747,0.007536768673725325,0.014062700000067707,0.0,sintetico
torino,0,montecarlo,100,0.94,0.00468500000000005,0.0008674999999129795,0.0,sintetico
torino,0,montecarlo,1000,0.954,0.009314999999999962,0.0017781999995349906,0.0,sintetico
torino,0,montecarlo,10000,0.9454,0.0007150000000000212,0.006191600000420294,0.0,sintetico
torino,0,montecarlo,100000,0.94492,0.00023499999999998522,0.036381799999617215,0.0,sintetico
torino,3,convoluzione,5,0.7498999556520224,0.0012349556520223626,0.15175920000001497,0.0022064422428213137,sintetico
torino,3,convoluzione,10,0.7491284434780968,0.0004634434780967922,0.13639000000057422,0.002245805403857246,sintetico
torino,3,convoluzione,30,0.7329633232829418,0.015701676717058244,0.15627539999968576,0.0024199726133124137,sintetico
torino,3,convoluzione,60,0.7025571836546272,0.046107816345372865,0.13686259999940376,0.0026795918498757143,sintetico
torino,3,montecarlo,100,0.75,0.001334999999999975,0.003242300000238174,0.0,sintetico
torino,3,montecarlo,1000,0.76,0.011334999999999984,0.008007599999473314,0.0,sintetico
torino,3,montecarlo,10000,0.7482,0.0004650000000000487,0.0267295000003287,0.0026,sintetico
torino,3,montecarlo,100000,0.74826,0.0004049999999999887,0.18567499999971915,0.00244,sintetico
torino,2,convoluzione,5,0.14503813289581527,0.00028313289581527457,0.11951719999979105,0.04228064377824404,sintetico
torino,2,convoluzione,10,0.13603541013819204,0.008719589861807958,0.10829000000012456,0.043721111246723454,sintetico
torino,2,convoluzione,30,0.12192965849054518,0.02282534150945481,0.10848929999974644,0.04522367208798251,sintetico
torino,2,convoluzione,60,0.1037651066605798,0.0409898933394202,0.10469869999997172,0.04758007759825264,sintetico
torino,2,montecarlo,100,0.11,0.034754999999999994,0.0036000999998577754,0.04,sintetico
torino,2,montecarlo,1000,0.149,0.004244999999999999,0.008962199999587028,0.043,sintetico
torino,2,montecarlo,10000,0.1452,0.00044500000000000095,0.030750199999602046,0.0444,sintetico
torino,2,montecarlo,100000,0.14559,0.0008350000000000024,0.19185660000039206,0.04244,sintetico
torino,3,convoluzione,5,0.2388425632897873,0.0023674367102126948,0.15184359999966546,0.03637804779037024,sintetico
torino,3,convoluzione,10,0.23211876824994612,0.009091231750053885,0.1487502999998469,0.037587085932638147,sintetico
torino,3,convoluzione,30,0.20925640166434342,0.031953598335656586,0.13435610000033194,0.039891927928727984,sintetico
torino,3,convoluzione,60,0.1778143096059998,0.0633956903940002,0.13221729999986565,0.04359223273736836,sintetico
torino,3,montecarlo,100,0.22,0.021210000000000007,0.0044687999998132,0.07,sintetico
torino,3,montecarlo,1000,0.253,0.011789999999999995,0.013963600000352017,0.028,sintetico
torino,3,montecarlo,10000,0.2389,0.0023100000000000065,0.04483720000007452,0.0364,sintetico
torino,3,montecarlo,100000,0.24258,0.0013699999999999823,0.2735038999999233,0.03733,sintetico
torino,3,convoluzione,5,0.43324706633669174,0.0024420663366917505,0.18319960000007995,0.0021797049844914517,sintetico
torino,3,convoluzione,10,0.4230657725952268,0.007739227404773175,0.14801059999990684,0.002263415733730732,sintetico
torino,3,convoluzione,30,0.41472580425261013,0.016079195747389863,0.13565299999936542,0.0024612997314220402,sintetico
torino,3,convoluzione,60,0.3844268156228606,0.04637818437713942,0.13318530000015016,0.0027857603840803456,sintetico
torino,3,montecarlo,100,0.49,0.059195,0.004564100000607141,0.0,sintetico
torino,3,montecarlo,1000,0.46,0.029195000000000026,0.017284900000049674,0.001,sintetico
torino,3,montecarlo,10000,0.435,0.004195000000000004,0.05294320000029984,0.0047,sintetico
torino,3,montecarlo,100000,0.42884,0.0019649999999999945,0.30696639999951003,0.00371,sintetico
torino,3,convoluzione,5,0.13395848778402902,0.001818487784029016,0.14617490000000544,0.032412698137803016,sintetico
torino,3,convoluzione,10,0.13132272665979386,0.0008172733402061483,0.14095779999934166,0.0333982938746607,sintetico
torino,3,convoluzione,30,0.11825343292609268,0.013886567073907327,0.13547460000063438,0.03703533548433743,sintetico
torino,3,convoluzione,60,0.09997376693830855,0.03216623306169146,0.13357360000009066,0.04339341227588548,sintetico
torino,3,montecarlo,100,0.11,0.022140000000000007,0.004087199999958102,0.04,sintetico
torino,3,montecarlo,1000,0.148,0.015859999999999985,0.012506800000664953,0.021,sintetico
torino,3,montecarlo,10000,0.1273,0.004840000000000011,0.040713599999435246,0.0333,sintetico
torino,3,montecarlo,100000,0.13569,0.0035499999999999976,0.25571639999998297,0.0332,sintetico
torino,2,convoluzione,5,0.017777020167185523,0.0009820201671855225,0.08080929999960063,0.8191095699279208,sintetico
torino,2,convoluzione,10,0.01703598122115713,0.00024098122115712856,0.07116469999982655,0.8191095699279208,sintetico
torino,2,convoluzione,30,0.015318403153759737,0.0014765968462402638,0.06692009999915172,0.8249616199444313,sintetico
torino,2,convoluzione,60,0.011284607142262947,0.005510392857737054,0.06608409999989817,0.8329642287541149,sintetico
torino,2,montecarlo,100,0.02,0.0032049999999999995,0.0025585000003047753,0.86,sintetico
torino,2,montecarlo,1000,0.021,0.004205,0.009448199999496865,0.823,sintetico
torino,2,montecarlo,10000,0.0159,0.000895,0.029292599999280355,0.8151,sintetico
torino,2,montecarlo,100000,0.0177,0.0009049999999999996,0.15093479999995907,0.81161,sintetico
torino,2,convoluzione,5,0.1293321049523155,0.011412895047684501,0.12750419999974838,0.006663891251655782,sintetico
torino,2,convoluzione,10,0.1293321049523155,0.011412895047684501,0.11202510000020993,0.006663891251655782,sintetico
torino,2,convoluzione,30,0.11500766588473325,0.025737334115266755,0.09631249999983993,0.00704217025028152,sintetico
torino,2,convoluzione,60,0.09873588670954925,0.04200911329045076,0.0967875999995158,0.00767210978076758,sintetico
torino,2,montecarlo,100,0.12,0.020745000000000013,0.0035158999999111984,0.0,sintetico
torino,2,montecarlo,1000,0.17,0.029255000000000003,0.01059590000022581,0.006,sintetico
torino,2,montecarlo,10000,0.1357,0.005045000000000022,0.031244900000274356,0.0069,sintetico
torino,2,montecarlo,100000,0.14139,0.0006449999999999789,0.17630540000027395,0.00667,sintetico
torino,2,convoluzione,5,0.04277349676452098,0.0009434967645209832,0.10437139999976353,0.00795649864490329,sintetico
torino,2,convoluzione,10,0.04023665906079749,0.001593340939202506,0.09427659999983007,0.0082863534029077,sintetico
torino,2,convoluzione,30,0.034219132691323075,0.007610867308676925,0.09190739999939979,0.008786759121731748,sintetico
torino,2,convoluzione,60,0.029092381301396564,0.012737618698603435,0.09885190000022703,0.009405901029545704,sintetico
torino,2,montecarlo,100,0.02,0.02183,0.008096200000181852,0.01,sintetico
torino,2,montecarlo,1000,0.051,0.009169999999999998,0.02135530000032304,0.011,sintetico
torino,2,montecarlo,10000,0.0395,0.0023299999999999987,0.04355149999992136,0.0155,sintetico
torino,2,montecarlo,100000,0.04219,0.0003599999999999992,0.2149003000004086,0.01667,sintetico
torino,1,convoluzione,5,0.1364027498477446,0.003472749847744594,0.058373800000481424,0.0,sintetico
torino,1,convoluzione,10,0.13640274984774461,0.0034727498477446217,0.05621479999990697,0.0,sintetico
torino,1,convoluzione,30,0.1286854014949029,0.004244598505097091,0.054241300000285264,0.0,sintetico
torino,1,convoluzione,60,0.1180960988494172,0.014833901150582793,0.05226120000043011,0.0,sintetico
torino,1,montecarlo,100,0.11,0.022929999999999992,0.0020873999992545578,0.0,sintetico
torino,1,montecarlo,1000,0.15,0.017070000000000002,0.006209499999386026,0.0,sintetico
torino,1,montecarlo,10000,0.1314,0.0015300000000000036,0.02063789999920118,0.001,sintetico
torino,1,montecarlo,100000,0.13319,0.0002600000000000102,0.11927749999995285,0.00079,sintetico
torino,2,convoluzione,5,0.716324703805341,0.001279703805340926,0.08675029999994877,0.00043295713500571763,sintetico
torino,2,convoluzione,10,0.7163247038053411,0.001279703805341037,0.0817021000002569,0.0004329571350057177,sintetico
torino,2,convoluzione,30,0.7027980565015369,0.012246943498463114,0.08047980000083044,0.0004855041254736168,sintetico
torino,2,convoluzione,60,0.673870280774566,0.04117471922543403,0.07798120000006747,0.0005785319955334113,sintetico
torino,2,montecarlo,100,0.69,0.025045000000000095,0.003489199999421544,0.0,sintetico
torino,2,montecarlo,1000,0.728,0.012954999999999939,0.008032200000343437,0.0,sintetico
torino,2,montecarlo,10000,0.7098,0.005245000000000055,0.026239300000270305,0.0008,sintetico
torino,2,montecarlo,100000,0.71296,0.0020850000000000035,0.1623146000001725,0.00082,sintetico
torino,1,convoluzione,5,0.5024665296088769,0.001763470391123012,0.05824010000014823,0.0,sintetico
torino,1,convoluzione,10,0.48504730845608873,0.019182691543911223,0.05657659999997122,0.0,sintetico
torino,1,convoluzione,30,0.4538635510003599,0.050366448999640046,0.05440009999983886,0.0,sintetico
torino,1,convoluzione,60,0.4054530086510006,0.09877699134899937,0.05214870000054361,0.0,sintetico
torino,1,montecarlo,100,0.53,0.02577000000000007,0.0016577999995206483,0.0,sintetico
torino,1,montecarlo,1000,0.512,0.007770000000000055,0.004132799999752024,0.0,sintetico
torino,1,montecarlo,10000,0.4994,0.0048299999999999454,0.01499119999971299,0.0,sintetico
torino,1,montecarlo,100000,0.50479,0.0005600000000000049,0.08244009999998525,0.0,sintetico
torino,3,convoluzione,5,0.18581072557260253,0.007529274427397481,0.13783890000013344,0.449558678501098,sintetico
torino,3,convoluzione,10,0.18581072557260253,0.007529274427397481,0.12743499999942287,0.44955867850109804,sintetico
torino,3,convoluzione,30,0.16420460473950924,0.029135395260490776,0.11830860000009125,0.47629714199084894,sintetico
torino,3,convoluzione,60,0.1344775830002827,0.05886241699971731,0.11860040000010486,0.5173915200869407,sintetico
torino,3,montecarlo,100,0.16,0.03334000000000001,0.0036473000000114553,0.49,sintetico
torino,3,montecarlo,1000,0.185,0.008340000000000014,0.010962199999994482,0.458,sintetico
torino,3,montecarlo,10000,0.1914,0.001940000000000025,0.036368600000059814,0.4472,sintetico
torino,3,montecarlo,100000,0.1926,0.0007400000000000184,0.23741510000036214,0.44328,sintetico
torino,1,convoluzione,5,0.8534969200615153,0.002453079938484648,0.062255899999399844,0.0,sintetico
torino,1,convoluzione,10,0.8534969200615153,0.002453079938484648,0.05607200000031298,0.0,sintetico
torino,1,convoluzione,30,0.8472468306130501,0.008703169386949927,0.05761849999998958,0.0,sintetico
torino,1,convoluzione,60,0.8291635971978021,0.026786402802197906,0.06312939999952505,0.0,sintetico
torino,1,montecarlo,100,0.87,0.014050000000000007,0.0021060999997644103,0.0,sintetico
torino,1,montecarlo,1000,0.87,0.014050000000000007,0.0037708999998358195,0.0,sintetico
torino,1,montecarlo,10000,0.8603,0.004349999999999965,0.012815200000659388,0.0,sintetico
torino,1,montecarlo,100000,0.85718,0.0012300000000000644,0.07960589999947842,0.0,sintetico
torino,2,convoluzione,5,0.09107197475500582,0.002878025244994184,0.0749894000000495,0.8785390804583197,sintetico
torino,2,convoluzione,10,0.09006927621981665,0.003880723780183351,0.0682611000001998,0.8797384038658695,sintetico
torino,2,convoluzione,30,0.08303925193316702,0.010910748066832981,0.06525839999994787,0.8875580396765431,sintetico
torino,2,convoluzione,60,0.07342537704652584,0.020524622953474167,0.07096020000062708,0.8983883082208656,sintetico
torino,2,montecarlo,100,0.1,0.00605,0.0022072000001571723,0.89,sintetico
torino,2,montecarlo,1000,0.096,0.0020499999999999963,0.0052794000002904795,0.873,sintetico
torino,2,montecarlo,10000,0.0931,0.0008500000000000035,0.019058599999880244,0.8769,sintetico
torino,2,montecarlo,100000,0.09646,0.0025099999999999983,0.11636869999983901,0.873,sintetico
