citta,coppia,origine,destinazione,margine_secondi,scadenza,strategia,probabilita,arrivo_programmato,cambi,coincide_con_robusto,ampiezza_frontiera,candidati,modello_ritardo
roma,1,75082,75714,0,1787726738,piu_veloce,0.023301782981883054,1787726738,1,True,0.02319211710828134,7,sintetico
roma,1,75082,75714,0,1787726738,meno_cambi,0.023301782981883054,1787726738,1,True,0.02319211710828134,7,sintetico
roma,1,75082,75714,0,1787726738,margine_fisso,0.0,1787728478,1,False,0.02319211710828134,7,sintetico
roma,1,75082,75714,0,1787726738,robusto,0.023301782981883054,1787726738,1,True,0.02319211710828134,7,sintetico
roma,1,75082,75714,300,1787727038,piu_veloce,0.7825438750957071,1787726738,1,True,0.7342673989023535,7,sintetico
roma,1,75082,75714,300,1787727038,meno_cambi,0.7825438750957071,1787726738,1,True,0.7342673989023535,7,sintetico
roma,1,75082,75714,300,1787727038,margine_fisso,0.0,1787728478,1,False,0.7342673989023535,7,sintetico
roma,1,75082,75714,300,1787727038,robusto,0.7825438750957071,1787726738,1,True,0.7342673989023535,7,sintetico
roma,1,75082,75714,600,1787727338,piu_veloce,0.9561243695940854,1787726738,1,True,0.8695981482520099,7,sintetico
roma,1,75082,75714,600,1787727338,meno_cambi,0.9561243695940854,1787726738,1,True,0.8695981482520099,7,sintetico
roma,1,75082,75714,600,1787727338,margine_fisso,0.0,1787728478,1,False,0.8695981482520099,7,sintetico
roma,1,75082,75714,600,1787727338,robusto,0.9561243695940854,1787726738,1,True,0.8695981482520099,7,sintetico
roma,1,75082,75714,900,1787727638,piu_veloce,0.970543954463911,1787726738,1,True,0.878244820484865,7,sintetico
roma,1,75082,75714,900,1787727638,meno_cambi,0.970543954463911,1787726738,1,True,0.878244820484865,7,sintetico
roma,1,75082,75714,900,1787727638,margine_fisso,0.0,1787728478,1,False,0.878244820484865,7,sintetico
roma,1,75082,75714,900,1787727638,robusto,0.970543954463911,1787726738,1,True,0.878244820484865,7,sintetico
roma,1,75082,75714,1200,1787727938,piu_veloce,0.9719482967358455,1787726738,1,True,0.878886754712537,7,sintetico
roma,1,75082,75714,1200,1787727938,meno_cambi,0.9719482967358455,1787726738,1,True,0.878886754712537,7,sintetico
roma,1,75082,75714,1200,1787727938,margine_fisso,0.0,1787728478,1,False,0.878886754712537,7,sintetico
roma,1,75082,75714,1200,1787727938,robusto,0.9719482967358455,1787726738,1,True,0.878886754712537,7,sintetico
roma,1,75082,75714,1800,1787728538,piu_veloce,0.9745632846260552,1787726738,1,True,0.9551897003571808,7,sintetico
roma,1,75082,75714,1800,1787728538,meno_cambi,0.9745632846260552,1787726738,1,True,0.9551897003571808,7,sintetico
roma,1,75082,75714,1800,1787728538,margine_fisso,0.08801948926460826,1787728478,1,False,0.9551897003571808,7,sintetico
roma,1,75082,75714,1800,1787728538,robusto,0.9745632846260552,1787726738,1,True,0.9551897003571808,7,sintetico
roma,2,76502,70302,0,1787728491,piu_veloce,0.00028994782207555035,1787728491,2,True,0.00025026355337992297,6,sintetico
roma,2,76502,70302,0,1787728491,meno_cambi,0.0,1787730168,1,False,0.00025026355337992297,6,sintetico
roma,2,76502,70302,0,1787728491,margine_fisso,0.0,1787730168,1,False,0.00025026355337992297,6,sintetico
roma,2,76502,70302,0,1787728491,robusto,0.00028994782207555035,1787728491,2,True,0.00025026355337992297,6,sintetico
roma,2,76502,70302,300,1787728791,piu_veloce,0.043877775210322476,1787728491,2,True,0.034163196053005045,6,sintetico
roma,2,76502,70302,300,1787728791,meno_cambi,0.0,1787730168,1,False,0.034163196053005045,6,sintetico
roma,2,76502,70302,300,1787728791,margine_fisso,0.0,1787730168,1,False,0.034163196053005045,6,sintetico
roma,2,76502,70302,300,1787728791,robusto,0.043877775210322476,1787728491,2,True,0.034163196053005045,6,sintetico
roma,2,76502,70302,600,1787729091,piu_veloce,0.16113280616408537,1787728491,2,True,0.15320166789011935,6,sintetico
roma,2,76502,70302,600,1787729091,meno_cambi,0.0,1787730168,1,False,0.15320166789011935,6,sintetico
roma,2,76502,70302,600,1787729091,margine_fisso,0.0,1787730168,1,False,0.15320166789011935,6,sintetico
roma,2,76502,70302,600,1787729091,robusto,0.16113280616408537,1787728491,2,True,0.15320166789011935,6,sintetico
roma,2,76502,70302,900,1787729391,piu_veloce,0.27711660478160255,1787728491,2,True,0.2554419984294369,6,sintetico
roma,2,76502,70302,900,1787729391,meno_cambi,0.0,1787730168,1,False,0.2554419984294369,6,sintetico
roma,2,76502,70302,900,1787729391,margine_fisso,0.0,1787730168,1,False,0.2554419984294369,6,sintetico
roma,2,76502,70302,900,1787729391,robusto,0.27711660478160255,1787728491,2,True,0.2554419984294369,6,sintetico
roma,2,76502,70302,1200,1787729691,piu_veloce,0.364087492843159,1787728491,2,True,0.31892585888498426,6,sintetico
roma,2,76502,70302,1200,1787729691,meno_cambi,0.0,1787730168,1,False,0.31892585888498426,6,sintetico
roma,2,76502,70302,1200,1787729691,margine_fisso,0.0,1787730168,1,False,0.31892585888498426,6,sintetico
roma,2,76502,70302,1200,1787729691,robusto,0.364087492843159,1787728491,2,True,0.31892585888498426,6,sintetico
roma,2,76502,70302,1800,1787730291,piu_veloce,0.5119713202971486,1787728491,2,True,0.3277666310524182,6,sintetico
roma,2,76502,70302,1800,1787730291,meno_cambi,0.20980350722002222,1787730168,1,False,0.3277666310524182,6,sintetico
roma,2,76502,70302,1800,1787730291,margine_fisso,0.20980350722002222,1787730168,1,False,0.3277666310524182,6,sintetico
roma,2,76502,70302,1800,1787730291,robusto,0.5119713202971486,1787728491,2,True,0.3277666310524182,6,sintetico
roma,3,80217,70643,0,1787727390,piu_veloce,0.0011945573003817286,1787727390,2,True,,9,sintetico
roma,3,80217,70643,0,1787727390,meno_cambi,0.0,1787729191,1,False,,9,sintetico
roma,3,80217,70643,0,1787727390,margine_fisso,0.0,1787729191,1,False,,9,sintetico
roma,3,80217,70643,0,1787727390,robusto,0.0011945573003817286,1787727390,2,True,,9,sintetico
roma,3,80217,70643,300,1787727690,piu_veloce,0.059842606794422645,1787727390,2,False,0.634647125342017,9,sintetico
roma,3,80217,70643,300,1787727690,meno_cambi,0.0,1787729191,1,False,0.634647125342017,9,sintetico
roma,3,80217,70643,300,1787727690,margine_fisso,0.0,1787729191,1,False,0.634647125342017,9,sintetico
roma,3,80217,70643,300,1787727690,robusto,0.6944897321364396,1787727508,3,True,0.634647125342017,9,sintetico
roma,3,80217,70643,600,1787727990,piu_veloce,0.11439623910107012,1787727390,2,False,0.6342917600891274,9,sintetico
roma,3,80217,70643,600,1787727990,meno_cambi,0.0,1787729191,1,False,0.6342917600891274,9,sintetico
roma,3,80217,70643,600,1787727990,margine_fisso,0.0,1787729191,1,False,0.6342917600891274,9,sintetico
roma,3,80217,70643,600,1787727990,robusto,0.7486879991901975,1787727508,3,True,0.6342917600891274,9,sintetico
roma,3,80217,70643,900,1787728290,piu_veloce,0.13173034724073304,1787727390,2,False,0.6179452780412067,9,sintetico
roma,3,80217,70643,900,1787728290,meno_cambi,0.0,1787729191,1,False,0.6179452780412067,9,sintetico
roma,3,80217,70643,900,1787728290,margine_fisso,0.0,1787729191,1,False,0.6179452780412067,9,sintetico
roma,3,80217,70643,900,1787728290,robusto,0.7496756252819398,1787727508,3,True,0.6179452780412067,9,sintetico
roma,3,80217,70643,1200,1787728590,piu_veloce,0.29734289795341656,1787727390,2,False,0.7177227255950865,9,sintetico
roma,3,80217,70643,1200,1787728590,meno_cambi,0.0,1787729191,1,False,0.7177227255950865,9,sintetico
roma,3,80217,70643,1200,1787728590,margine_fisso,0.0,1787729191,1,False,0.7177227255950865,9,sintetico
roma,3,80217,70643,1200,1787728590,robusto,0.778787934898327,1787727508,3,True,0.7177227255950865,9,sintetico
roma,3,80217,70643,1800,1787729190,piu_veloce,0.7732710544822001,1787727390,2,False,0.6497005841144468,9,sintetico
roma,3,80217,70643,1800,1787729190,meno_cambi,0.101261213544801,1787729191,1,False,0.6497005841144468,9,sintetico
roma,3,80217,70643,1800,1787729190,margine_fisso,0.101261213544801,1787729191,1,False,0.6497005841144468,9,sintetico
roma,3,80217,70643,1800,1787729190,robusto,0.9841510756720949,1787727508,3,True,0.6497005841144468,9,sintetico
roma,4,71581,75497,0,1787728462,piu_veloce,0.028704717987378038,1787728462,2,False,5.369822981063019e-05,8,sintetico
roma,4,71581,75497,0,1787728462,meno_cambi,2.0712323327092155e-05,1787728554,1,False,5.369822981063019e-05,8,sintetico
roma,4,71581,75497,0,1787728462,margine_fisso,0.0,1787730010,1,False,5.369822981063019e-05,8,sintetico
roma,4,71581,75497,0,1787728462,robusto,0.02875841621718867,1787728462,3,True,5.369822981063019e-05,8,sintetico
roma,4,71581,75497,300,1787728762,piu_veloce,0.22601304340083464,1787728462,2,False,0.05440312528228289,8,sintetico
roma,4,71581,75497,300,1787728762,meno_cambi,0.2799633439618813,1787728554,1,True,0.05440312528228289,8,sintetico
roma,4,71581,75497,300,1787728762,margine_fisso,0.0,1787730010,1,False,0.05440312528228289,8,sintetico
roma,4,71581,75497,300,1787728762,robusto,0.2799633439618813,1787728554,1,True,0.05440312528228289,8,sintetico
roma,4,71581,75497,600,1787729062,piu_veloce,0.28414541360600953,1787728462,2,False,0.6895260024820717,8,sintetico
roma,4,71581,75497,600,1787729062,meno_cambi,0.7180111610888529,1787728554,1,True,0.6895260024820717,8,sintetico
roma,4,71581,75497,600,1787729062,margine_fisso,0.0,1787730010,1,False,0.6895260024820717,8,sintetico
roma,4,71581,75497,600,1787729062,robusto,0.7180111610888529,1787728554,1,True,0.6895260024820717,8,sintetico
roma,4,71581,75497,900,1787729362,piu_veloce,0.2968920707638586,1787728462,2,False,0.8438931157030023,8,sintetico
roma,4,71581,75497,900,1787729362,meno_cambi,0.9021595978260678,1787728554,1,True,0.8438931157030023,8,sintetico
roma,4,71581,75497,900,1787729362,margine_fisso,0.0,1787730010,1,False,0.8438931157030023,8,sintetico
roma,4,71581,75497,900,1787729362,robusto,0.9021595978260678,1787728554,1,True,0.8438931157030023,8,sintetico
roma,4,71581,75497,1200,1787729662,piu_veloce,0.30022347282666095,1787728462,2,False,0.8161744849915187,8,sintetico
roma,4,71581,75497,1200,1787729662,meno_cambi,0.9635548985668785,1787728554,1,True,0.8161744849915187,8,sintetico
roma,4,71581,75497,1200,1787729662,margine_fisso,0.0,1787730010,1,False,0.8161744849915187,8,sintetico
roma,4,71581,75497,1200,1787729662,robusto,0.9635548985668785,1787728554,1,True,0.8161744849915187,8,sintetico
roma,4,71581,75497,1800,1787730262,piu_veloce,0.5528696004760042,1787728462,2,False,0.8849829848016406,8,sintetico
roma,4,71581,75497,1800,1787730262,meno_cambi,0.9960673457611412,1787728554,1,True,0.8849829848016406,8,sintetico
roma,4,71581,75497,1800,1787730262,margine_fisso,0.111970382105473,1787730010,1,False,0.8849829848016406,8,sintetico
roma,4,71581,75497,1800,1787730262,robusto,0.9960673457611412,1787728554,1,True,0.8849829848016406,8,sintetico
roma,5,72174,71265,0,1787727652,piu_veloce,0.08507692256545571,1787727652,1,True,0.0827983579433883,5,sintetico
roma,5,72174,71265,0,1787727652,meno_cambi,0.03890708193173656,1787727672,0,False,0.0827983579433883,5,sintetico
roma,5,72174,71265,0,1787727652,margine_fisso,0.03890708193173656,1787727672,0,False,0.0827983579433883,5,sintetico
roma,5,72174,71265,0,1787727652,robusto,0.08507692256545571,1787727652,1,True,0.0827983579433883,5,sintetico
roma,5,72174,71265,300,1787727952,piu_veloce,0.6985418504131655,1787727652,1,False,0.9133229983707787,5,sintetico
roma,5,72174,71265,300,1787727952,meno_cambi,0.9680211942491144,1787727672,0,True,0.9133229983707787,5,sintetico
roma,5,72174,71265,300,1787727952,margine_fisso,0.9680211942491144,1787727672,0,True,0.9133229983707787,5,sintetico
roma,5,72174,71265,300,1787727952,robusto,0.9680211942491144,1787727672,0,True,0.9133229983707787,5,sintetico
roma,5,72174,71265,600,1787728252,piu_veloce,0.8729596898113274,1787727652,1,False,0.8706820567609627,5,sintetico
roma,5,72174,71265,600,1787728252,meno_cambi,0.9996528938286484,1787727672,0,True,0.8706820567609627,5,sintetico
roma,5,72174,71265,600,1787728252,margine_fisso,0.9996528938286484,1787727672,0,True,0.8706820567609627,5,sintetico
roma,5,72174,71265,600,1787728252,robusto,0.9996528938286484,1787727672,0,True,0.8706820567609627,5,sintetico
roma,5,72174,71265,900,1787728552,piu_veloce,0.9682147457663588,1787727652,1,False,0.5920987976020824,5,sintetico
roma,5,72174,71265,900,1787728552,meno_cambi,0.9999929121854613,1787727672,0,True,0.5920987976020824,5,sintetico
roma,5,72174,71265,900,1787728552,margine_fisso,0.9999929121854613,1787727672,0,True,0.5920987976020824,5,sintetico
roma,5,72174,71265,900,1787728552,robusto,0.9999929121854613,1787727672,0,True,0.5920987976020824,5,sintetico
roma,5,72174,71265,1200,1787728852,piu_veloce,0.991161290546905,1787727652,1,False,0.3985440872852316,5,sintetico
roma,5,72174,71265,1200,1787728852,meno_cambi,0.9999997067950156,1787727672,0,True,0.3985440872852316,5,sintetico
roma,5,72174,71265,1200,1787728852,margine_fisso,0.9999997067950156,1787727672,0,True,0.3985440872852316,5,sintetico
roma,5,72174,71265,1200,1787728852,robusto,0.9999997067950156,1787727672,0,True,0.3985440872852316,5,sintetico
roma,5,72174,71265,1800,1787729452,piu_veloce,0.9990479043348732,1787727652,1,False,0.8917145805159336,5,sintetico
roma,5,72174,71265,1800,1787729452,meno_cambi,0.9999999996264612,1787727672,0,True,0.8917145805159336,5,sintetico
roma,5,72174,71265,1800,1787729452,margine_fisso,0.9999999996264612,1787727672,0,True,0.8917145805159336,5,sintetico
roma,5,72174,71265,1800,1787729452,robusto,0.9999999996264612,1787727672,0,True,0.8917145805159336,5,sintetico
roma,6,71153,74288,0,1787724908,piu_veloce,0.0039148907269032,1787724908,0,True,,6,sintetico
roma,6,71153,74288,0,1787724908,meno_cambi,0.0039148907269032,1787724908,0,True,,6,sintetico
roma,6,71153,74288,0,1787724908,margine_fisso,0.0039148907269032,1787724908,0,True,,6,sintetico
roma,6,71153,74288,0,1787724908,robusto,0.0039148907269032,1787724908,0,True,,6,sintetico
roma,6,71153,74288,300,1787725208,piu_veloce,0.36783913852191075,1787724908,0,True,,6,sintetico
roma,6,71153,74288,300,1787725208,meno_cambi,0.36783913852191075,1787724908,0,True,,6,sintetico
roma,6,71153,74288,300,1787725208,margine_fisso,0.36783913852191075,1787724908,0,True,,6,sintetico
roma,6,71153,74288,300,1787725208,robusto,0.36783913852191075,1787724908,0,True,,6,sintetico
roma,6,71153,74288,600,1787725508,piu_veloce,0.7619674464896322,1787724908,0,True,,6,sintetico
roma,6,71153,74288,600,1787725508,meno_cambi,0.7619674464896322,1787724908,0,True,,6,sintetico
roma,6,71153,74288,600,1787725508,margine_fisso,0.7619674464896322,1787724908,0,True,,6,sintetico
roma,6,71153,74288,600,1787725508,robusto,0.7619674464896322,1787724908,0,True,,6,sintetico
roma,6,71153,74288,900,1787725808,piu_veloce,0.916948842055944,1787724908,0,True,0.8650154846986031,6,sintetico
roma,6,71153,74288,900,1787725808,meno_cambi,0.916948842055944,1787724908,0,True,0.8650154846986031,6,sintetico
roma,6,71153,74288,900,1787725808,margine_fisso,0.916948842055944,1787724908,0,True,0.8650154846986031,6,sintetico
roma,6,71153,74288,900,1787725808,robusto,0.916948842055944,1787724908,0,True,0.8650154846986031,6,sintetico
roma,6,71153,74288,1200,1787726108,piu_veloce,0.9692977521716606,1787724908,0,True,0.7732324615457009,6,sintetico
roma,6,71153,74288,1200,1787726108,meno_cambi,0.9692977521716606,1787724908,0,True,0.7732324615457009,6,sintetico
roma,6,71153,74288,1200,1787726108,margine_fisso,0.9692977521716606,1787724908,0,True,0.7732324615457009,6,sintetico
roma,6,71153,74288,1200,1787726108,robusto,0.9692977521716606,1787724908,0,True,0.7732324615457009,6,sintetico
roma,6,71153,74288,1800,1787726708,piu_veloce,0.99762553511114,1787724908,0,True,0.6830255108666247,6,sintetico
roma,6,71153,74288,1800,1787726708,meno_cambi,0.99762553511114,1787724908,0,True,0.6830255108666247,6,sintetico
roma,6,71153,74288,1800,1787726708,margine_fisso,0.99762553511114,1787724908,0,True,0.6830255108666247,6,sintetico
roma,6,71153,74288,1800,1787726708,robusto,0.99762553511114,1787724908,0,True,0.6830255108666247,6,sintetico
roma,7,70600,71822,0,1787727124,piu_veloce,0.0246244746373506,1787727124,2,True,,11,sintetico
roma,7,70600,71822,0,1787727124,meno_cambi,0.0,1787728548,1,False,,11,sintetico
roma,7,70600,71822,0,1787727124,margine_fisso,0.0,1787729994,1,False,,11,sintetico
roma,7,70600,71822,0,1787727124,robusto,0.0246244746373506,1787727124,2,True,,11,sintetico
roma,7,70600,71822,300,1787727424,piu_veloce,0.45037810047497684,1787727124,2,True,,11,sintetico
roma,7,70600,71822,300,1787727424,meno_cambi,0.0,1787728548,1,False,,11,sintetico
roma,7,70600,71822,300,1787727424,margine_fisso,0.0,1787729994,1,False,,11,sintetico
roma,7,70600,71822,300,1787727424,robusto,0.45037810047497684,1787727124,2,True,,11,sintetico
roma,7,70600,71822,600,1787727724,piu_veloce,0.55510740762786,1787727124,2,True,,11,sintetico
roma,7,70600,71822,600,1787727724,meno_cambi,0.0,1787728548,1,False,,11,sintetico
roma,7,70600,71822,600,1787727724,margine_fisso,0.0,1787729994,1,False,,11,sintetico
roma,7,70600,71822,600,1787727724,robusto,0.55510740762786,1787727124,2,True,,11,sintetico
roma,7,70600,71822,900,1787728024,piu_veloce,0.5690225657499323,1787727124,2,True,,11,sintetico
roma,7,70600,71822,900,1787728024,meno_cambi,0.0,1787728548,1,False,,11,sintetico
roma,7,70600,71822,900,1787728024,margine_fisso,0.0,1787729994,1,False,,11,sintetico
roma,7,70600,71822,900,1787728024,robusto,0.5690225657499323,1787727124,2,True,,11,sintetico
roma,7,70600,71822,1200,1787728324,piu_veloce,0.5710971048084408,1787727124,2,True,0.5305718805507497,11,sintetico
roma,7,70600,71822,1200,1787728324,meno_cambi,0.0,1787728548,1,False,0.5305718805507497,11,sintetico
roma,7,70600,71822,1200,1787728324,margine_fisso,0.0,1787729994,1,False,0.5305718805507497,11,sintetico
roma,7,70600,71822,1200,1787728324,robusto,0.5710971048084408,1787727124,2,True,0.5305718805507497,11,sintetico
roma,7,70600,71822,1800,1787728924,piu_veloce,0.8128625389056147,1787727124,2,False,0.7727580595576362,11,sintetico
roma,7,70600,71822,1800,1787728924,meno_cambi,0.16755315437205806,1787728548,1,False,0.7727580595576362,11,sintetico
roma,7,70600,71822,1800,1787728924,margine_fisso,0.0,1787729994,1,False,0.7727580595576362,11,sintetico
roma,7,70600,71822,1800,1787728924,robusto,0.9403112139296943,1787728604,2,True,0.7727580595576362,11,sintetico
roma,8,71056,76439,0,1787726206,piu_veloce,0.011401827988118172,1787726206,1,False,0.011208871355008187,7,sintetico
roma,8,71056,76439,0,1787726206,meno_cambi,0.0,1787726526,0,False,0.011208871355008187,7,sintetico
roma,8,71056,76439,0,1787726206,margine_fisso,0.023230135989081583,1787726211,1,True,0.011208871355008187,7,sintetico
roma,8,71056,76439,0,1787726206,robusto,0.023230135989081583,1787726211,1,True,0.011208871355008187,7,sintetico
roma,8,71056,76439,300,1787726506,piu_veloce,0.4653921514930106,1787726206,1,False,0.790807187906232,7,sintetico
roma,8,71056,76439,300,1787726506,meno_cambi,0.01438453400582108,1787726526,0,False,0.790807187906232,7,sintetico
roma,8,71056,76439,300,1787726506,margine_fisso,0.8242151364006232,1787726211,1,True,0.790807187906232,7,sintetico
roma,8,71056,76439,300,1787726506,robusto,0.8242151364006232,1787726211,1,True,0.790807187906232,7,sintetico
roma,8,71056,76439,600,1787726806,piu_veloce,0.53697023232769,1787726206,1,False,0.8958738957717527,7,sintetico
roma,8,71056,76439,600,1787726806,meno_cambi,0.8691778144883315,1787726526,0,False,0.8958738957717527,7,sintetico
roma,8,71056,76439,600,1787726806,margine_fisso,0.9459111821031515,1787726211,1,True,0.8958738957717527,7,sintetico
roma,8,71056,76439,600,1787726806,robusto,0.9459111821031515,1787726211,1,True,0.8958738957717527,7,sintetico
roma,8,71056,76439,900,1787727106,piu_veloce,0.540492712731802,1787726206,1,False,0.9292831998143325,7,sintetico
roma,8,71056,76439,900,1787727106,meno_cambi,0.9508719171662987,1787726526,0,False,0.9292831998143325,7,sintetico
roma,8,71056,76439,900,1787727106,margine_fisso,0.9536843390248597,1787726211,1,True,0.9292831998143325,7,sintetico
roma,8,71056,76439,900,1787727106,robusto,0.9536843390248597,1787726211,1,True,0.9292831998143325,7,sintetico
roma,8,71056,76439,1200,1787727406,piu_veloce,0.5408773096373551,1787726206,1,False,0.9184666708560473,7,sintetico
roma,8,71056,76439,1200,1787727406,meno_cambi,0.9532152306136107,1787726526,0,False,0.9184666708560473,7,sintetico
roma,8,71056,76439,1200,1787727406,margine_fisso,0.9705588310204618,1787726211,1,True,0.9184666708560473,7,sintetico
roma,8,71056,76439,1200,1787727406,robusto,0.9705588310204618,1787726211,1,True,0.9184666708560473,7,sintetico
roma,8,71056,76439,1800,1787728006,piu_veloce,0.9506137168730414,1787726206,1,False,0.6211155465273384,7,sintetico
roma,8,71056,76439,1800,1787728006,meno_cambi,0.9533308892449912,1787726526,0,False,0.6211155465273384,7,sintetico
roma,8,71056,76439,1800,1787728006,margine_fisso,0.9774440595420903,1787726211,1,True,0.6211155465273384,7,sintetico
roma,8,71056,76439,1800,1787728006,robusto,0.9774440595420903,1787726211,1,True,0.6211155465273384,7,sintetico
roma,9,81855,70294,0,1787727280,piu_veloce,0.07951920876511098,1787727280,2,True,,6,sintetico
roma,9,81855,70294,0,1787727280,meno_cambi,0.0,1787730240,0,False,,6,sintetico
roma,9,81855,70294,0,1787727280,margine_fisso,0.0,1787727478,1,False,,6,sintetico
roma,9,81855,70294,0,1787727280,robusto,0.07951920876511098,1787727280,2,True,,6,sintetico
roma,9,81855,70294,300,1787727580,piu_veloce,0.533543631455811,1787727280,2,True,0.4499801621764079,6,sintetico
roma,9,81855,70294,300,1787727580,meno_cambi,0.0,1787730240,0,False,0.4499801621764079,6,sintetico
roma,9,81855,70294,300,1787727580,margine_fisso,0.16871137392258947,1787727478,1,False,0.4499801621764079,6,sintetico
roma,9,81855,70294,300,1787727580,robusto,0.533543631455811,1787727280,2,True,0.4499801621764079,6,sintetico
roma,9,81855,70294,600,1787727880,piu_veloce,0.775891959199029,1787727280,2,True,0.34823752938925356,6,sintetico
roma,9,81855,70294,600,1787727880,meno_cambi,0.0,1787730240,0,False,0.34823752938925356,6,sintetico
roma,9,81855,70294,600,1787727880,margine_fisso,0.7680523966823748,1787727478,1,False,0.34823752938925356,6,sintetico
roma,9,81855,70294,600,1787727880,robusto,0.775891959199029,1787727280,2,True,0.34823752938925356,6,sintetico
roma,9,81855,70294,900,1787728180,piu_veloce,0.9653315276286143,1787727280,2,True,0.44271940166304313,6,sintetico
roma,9,81855,70294,900,1787728180,meno_cambi,0.0,1787730240,0,False,0.44271940166304313,6,sintetico
roma,9,81855,70294,900,1787728180,margine_fisso,0.931759139762806,1787727478,1,False,0.44271940166304313,6,sintetico
roma,9,81855,70294,900,1787728180,robusto,0.9653315276286143,1787727280,2,True,0.44271940166304313,6,sintetico
roma,9,81855,70294,1200,1787728480,piu_veloce,0.9815950309717582,1787727280,2,True,0.8541467655455776,6,sintetico
roma,9,81855,70294,1200,1787728480,meno_cambi,0.0,1787730240,0,False,0.8541467655455776,6,sintetico
roma,9,81855,70294,1200,1787728480,margine_fisso,0.9609816374115608,1787727478,1,False,0.8541467655455776,6,sintetico
roma,9,81855,70294,1200,1787728480,robusto,0.9815950309717582,1787727280,2,True,0.8541467655455776,6,sintetico
roma,9,81855,70294,1800,1787729080,piu_veloce,0.9933968068581704,1787727280,2,True,0.3261269978873117,6,sintetico
roma,9,81855,70294,1800,1787729080,meno_cambi,0.0,1787730240,0,False,0.3261269978873117,6,sintetico
roma,9,81855,70294,1800,1787729080,margine_fisso,0.9798309447111273,1787727478,1,False,0.3261269978873117,6,sintetico
roma,9,81855,70294,1800,1787729080,robusto,0.9933968068581704,1787727280,2,True,0.3261269978873117,6,sintetico
roma,10,72261,71178,0,1787728304,piu_veloce,0.3191574492096681,1787728304,1,True,0.06848417300711468,5,sintetico
roma,10,72261,71178,0,1787728304,meno_cambi,0.3191574492096681,1787728304,1,True,0.06848417300711468,5,sintetico
roma,10,72261,71178,0,1787728304,margine_fisso,0.3191574492096681,1787728304,1,True,0.06848417300711468,5,sintetico
roma,10,72261,71178,0,1787728304,robusto,0.3191574492096681,1787728304,1,True,0.06848417300711468,5,sintetico
roma,10,72261,71178,300,1787728604,piu_veloce,0.9667558944497234,1787728304,1,True,0.1999315627447642,5,sintetico
roma,10,72261,71178,300,1787728604,meno_cambi,0.9667558944497234,1787728304,1,True,0.1999315627447642,5,sintetico
roma,10,72261,71178,300,1787728604,margine_fisso,0.9667558944497234,1787728304,1,True,0.1999315627447642,5,sintetico
roma,10,72261,71178,300,1787728604,robusto,0.9667558944497234,1787728304,1,True,0.1999315627447642,5,sintetico
roma,10,72261,71178,600,1787728904,piu_veloce,0.99055536681754,1787728304,1,True,0.20475588993187643,5,sintetico
roma,10,72261,71178,600,1787728904,meno_cambi,0.99055536681754,1787728304,1,True,0.20475588993187643,5,sintetico
roma,10,72261,71178,600,1787728904,margine_fisso,0.99055536681754,1787728304,1,True,0.20475588993187643,5,sintetico
roma,10,72261,71178,600,1787728904,robusto,0.99055536681754,1787728304,1,True,0.20475588993187643,5,sintetico
roma,10,72261,71178,900,1787729204,piu_veloce,0.9919787264427357,1787728304,1,True,0.2050454644518468,5,sintetico
roma,10,72261,71178,900,1787729204,meno_cambi,0.9919787264427357,1787728304,1,True,0.2050454644518468,5,sintetico
roma,10,72261,71178,900,1787729204,margine_fisso,0.9919787264427357,1787728304,1,True,0.2050454644518468,5,sintetico
roma,10,72261,71178,900,1787729204,robusto,0.9919787264427357,1787728304,1,True,0.2050454644518468,5,sintetico
roma,10,72261,71178,1200,1787729504,piu_veloce,0.9921254319443773,1787728304,1,True,0.20507538115924384,5,sintetico
roma,10,72261,71178,1200,1787729504,meno_cambi,0.9921254319443773,1787728304,1,True,0.20507538115924384,5,sintetico
roma,10,72261,71178,1200,1787729504,margine_fisso,0.9921254319443773,1787728304,1,True,0.20507538115924384,5,sintetico
roma,10,72261,71178,1200,1787729504,robusto,0.9921254319443773,1787728304,1,True,0.20507538115924384,5,sintetico
roma,10,72261,71178,1800,1787730104,piu_veloce,0.9921512093947933,1787728304,1,True,0.5530154794981799,5,sintetico
roma,10,72261,71178,1800,1787730104,meno_cambi,0.9921512093947933,1787728304,1,True,0.5530154794981799,5,sintetico
roma,10,72261,71178,1800,1787730104,margine_fisso,0.9921512093947933,1787728304,1,True,0.5530154794981799,5,sintetico
roma,10,72261,71178,1800,1787730104,robusto,0.9921512093947933,1787728304,1,True,0.5530154794981799,5,sintetico
roma,11,70868,71476,0,1787726510,piu_veloce,0.03474997890528328,1787726510,0,True,,3,sintetico
roma,11,70868,71476,0,1787726510,meno_cambi,0.03474997890528328,1787726510,0,True,,3,sintetico
roma,11,70868,71476,0,1787726510,margine_fisso,0.03474997890528328,1787726510,0,True,,3,sintetico
roma,11,70868,71476,0,1787726510,robusto,0.03474997890528328,1787726510,0,True,,3,sintetico
roma,11,70868,71476,300,1787726810,piu_veloce,0.5871371537108563,1787726510,0,True,,3,sintetico
roma,11,70868,71476,300,1787726810,meno_cambi,0.5871371537108563,1787726510,0,True,,3,sintetico
roma,11,70868,71476,300,1787726810,margine_fisso,0.5871371537108563,1787726510,0,True,,3,sintetico
roma,11,70868,71476,300,1787726810,robusto,0.5871371537108563,1787726510,0,True,,3,sintetico
roma,11,70868,71476,600,1787727110,piu_veloce,0.8767142889119118,1787726510,0,True,,3,sintetico
roma,11,70868,71476,600,1787727110,meno_cambi,0.8767142889119118,1787726510,0,True,,3,sintetico
roma,11,70868,71476,600,1787727110,margine_fisso,0.8767142889119118,1787726510,0,True,,3,sintetico
roma,11,70868,71476,600,1787727110,robusto,0.8767142889119118,1787726510,0,True,,3,sintetico
roma,11,70868,71476,900,1787727410,piu_veloce,0.9609212453237929,1787726510,0,True,,3,sintetico
roma,11,70868,71476,900,1787727410,meno_cambi,0.9609212453237929,1787726510,0,True,,3,sintetico
roma,11,70868,71476,900,1787727410,margine_fisso,0.9609212453237929,1787726510,0,True,,3,sintetico
roma,11,70868,71476,900,1787727410,robusto,0.9609212453237929,1787726510,0,True,,3,sintetico
roma,11,70868,71476,1200,1787727710,piu_veloce,0.9860133751653964,1787726510,0,True,,3,sintetico
roma,11,70868,71476,1200,1787727710,meno_cambi,0.9860133751653964,1787726510,0,True,,3,sintetico
roma,11,70868,71476,1200,1787727710,margine_fisso,0.9860133751653964,1787726510,0,True,,3,sintetico
roma,11,70868,71476,1200,1787727710,robusto,0.9860133751653964,1787726510,0,True,,3,sintetico
roma,11,70868,71476,1800,1787728310,piu_veloce,1.0,1787726510,0,True,0.7917244624422725,3,sintetico
roma,11,70868,71476,1800,1787728310,meno_cambi,1.0,1787726510,0,True,0.7917244624422725,3,sintetico
roma,11,70868,71476,1800,1787728310,margine_fisso,1.0,1787726510,0,True,0.7917244624422725,3,sintetico
roma,11,70868,71476,1800,1787728310,robusto,1.0,1787726510,0,True,0.7917244624422725,3,sintetico
roma,12,70145,76112,0,1787729513,piu_veloce,0.07095213611993535,1787729513,2,True,,2,sintetico
roma,12,70145,76112,0,1787729513,meno_cambi,0.07095213611993535,1787729513,2,True,,2,sintetico
roma,12,70145,76112,0,1787729513,margine_fisso,0.07095213611993535,1787729513,2,True,,2,sintetico
roma,12,70145,76112,0,1787729513,robusto,0.07095213611993535,1787729513,2,True,,2,sintetico
roma,12,70145,76112,300,1787729813,piu_veloce,0.5162615010301443,1787729513,2,True,,2,sintetico
roma,12,70145,76112,300,1787729813,meno_cambi,0.5162615010301443,1787729513,2,True,,2,sintetico
roma,12,70145,76112,300,1787729813,margine_fisso,0.5162615010301443,1787729513,2,True,,2,sintetico
roma,12,70145,76112,300,1787729813,robusto,0.5162615010301443,1787729513,2,True,,2,sintetico
roma,12,70145,76112,600,1787730113,piu_veloce,0.6295776987253382,1787729513,2,True,,2,sintetico
roma,12,70145,76112,600,1787730113,meno_cambi,0.6295776987253382,1787729513,2,True,,2,sintetico
roma,12,70145,76112,600,1787730113,margine_fisso,0.6295776987253382,1787729513,2,True,,2,sintetico
roma,12,70145,76112,600,1787730113,robusto,0.6295776987253382,1787729513,2,True,,2,sintetico
roma,12,70145,76112,900,1787730413,piu_veloce,0.6525480592414707,1787729513,2,True,0.42407377231982357,2,sintetico
roma,12,70145,76112,900,1787730413,meno_cambi,0.6525480592414707,1787729513,2,True,0.42407377231982357,2,sintetico
roma,12,70145,76112,900,1787730413,margine_fisso,0.6525480592414707,1787729513,2,True,0.42407377231982357,2,sintetico
roma,12,70145,76112,900,1787730413,robusto,0.6525480592414707,1787729513,2,True,0.42407377231982357,2,sintetico
roma,12,70145,76112,1200,1787730713,piu_veloce,0.65835910527677,1787729513,2,True,0.11099978949688094,2,sintetico
roma,12,70145,76112,1200,1787730713,meno_cambi,0.65835910527677,1787729513,2,True,0.11099978949688094,2,sintetico
roma,12,70145,76112,1200,1787730713,margine_fisso,0.65835910527677,1787729513,2,True,0.11099978949688094,2,sintetico
roma,12,70145,76112,1200,1787730713,robusto,0.65835910527677,1787729513,2,True,0.11099978949688094,2,sintetico
roma,12,70145,76112,1800,1787731313,piu_veloce,0.6613644015187783,1787729513,2,True,0.009198070578552042,2,sintetico
roma,12,70145,76112,1800,1787731313,meno_cambi,0.6613644015187783,1787729513,2,True,0.009198070578552042,2,sintetico
roma,12,70145,76112,1800,1787731313,margine_fisso,0.6613644015187783,1787729513,2,True,0.009198070578552042,2,sintetico
roma,12,70145,76112,1800,1787731313,robusto,0.6613644015187783,1787729513,2,True,0.009198070578552042,2,sintetico
roma,13,74319,75217,0,1787727332,piu_veloce,0.00014113527628567524,1787727332,2,False,9.525595337628995e-06,8,sintetico
roma,13,74319,75217,0,1787727332,meno_cambi,0.0,1787728980,1,False,9.525595337628995e-06,8,sintetico
roma,13,74319,75217,0,1787727332,margine_fisso,0.0,1787728980,1,False,9.525595337628995e-06,8,sintetico
roma,13,74319,75217,0,1787727332,robusto,0.0001976746110349099,1787727360,2,True,9.525595337628995e-06,8,sintetico
roma,13,74319,75217,300,1787727632,piu_veloce,0.009855243576726482,1787727332,2,False,0.09192558331585154,8,sintetico
roma,13,74319,75217,300,1787727632,meno_cambi,0.0,1787728980,1,False,0.09192558331585154,8,sintetico
roma,13,74319,75217,300,1787727632,margine_fisso,0.0,1787728980,1,False,0.09192558331585154,8,sintetico
roma,13,74319,75217,300,1787727632,robusto,0.10124238438361406,1787727360,2,True,0.09192558331585154,8,sintetico
roma,13,74319,75217,600,1787727932,piu_veloce,0.012938548073746892,1787727332,2,False,0.24209103447089353,8,sintetico
roma,13,74319,75217,600,1787727932,meno_cambi,0.0,1787728980,1,False,0.24209103447089353,8,sintetico
roma,13,74319,75217,600,1787727932,margine_fisso,0.0,1787728980,1,False,0.24209103447089353,8,sintetico
roma,13,74319,75217,600,1787727932,robusto,0.25436082651522973,1787727360,2,True,0.24209103447089353,8,sintetico
roma,13,74319,75217,900,1787728232,piu_veloce,0.316235786713891,1787727332,2,True,0.08574369056971254,8,sintetico
roma,13,74319,75217,900,1787728232,meno_cambi,0.0,1787728980,1,False,0.08574369056971254,8,sintetico
roma,13,74319,75217,900,1787728232,margine_fisso,0.0,1787728980,1,False,0.08574369056971254,8,sintetico
roma,13,74319,75217,900,1787728232,robusto,0.316235786713891,1787727332,2,True,0.08574369056971254,8,sintetico
roma,13,74319,75217,1200,1787728532,piu_veloce,0.6169111876292028,1787727332,2,True,0.30266679008120473,8,sintetico
roma,13,74319,75217,1200,1787728532,meno_cambi,0.0,1787728980,1,False,0.30266679008120473,8,sintetico
roma,13,74319,75217,1200,1787728532,margine_fisso,0.0,1787728980,1,False,0.30266679008120473,8,sintetico
roma,13,74319,75217,1200,1787728532,robusto,0.6169111876292028,1787727332,2,True,0.30266679008120473,8,sintetico
roma,13,74319,75217,1800,1787729132,piu_veloce,0.7050068368142393,1787727332,2,True,0.6881315963132112,8,sintetico
roma,13,74319,75217,1800,1787729132,meno_cambi,0.016875240501028038,1787728980,1,False,0.6881315963132112,8,sintetico
roma,13,74319,75217,1800,1787729132,margine_fisso,0.016875240501028038,1787728980,1,False,0.6881315963132112,8,sintetico
roma,13,74319,75217,1800,1787729132,robusto,0.7050068368142393,1787727332,2,True,0.6881315963132112,8,sintetico
roma,14,72496,80408,0,1787729240,piu_veloce,0.04960113908726449,1787729240,3,True,,6,sintetico
roma,14,72496,80408,0,1787729240,meno_cambi,0.0,1787731182,1,False,,6,sintetico
roma,14,72496,80408,0,1787729240,margine_fisso,0.0,1787729722,2,False,,6,sintetico
roma,14,72496,80408,0,1787729240,robusto,0.04960113908726449,1787729240,3,True,,6,sintetico
roma,14,72496,80408,300,1787729540,piu_veloce,0.3343947976112371,1787729240,3,True,0.31549276900660334,6,sintetico
roma,14,72496,80408,300,1787729540,meno_cambi,0.0,1787731182,1,False,0.31549276900660334,6,sintetico
roma,14,72496,80408,300,1787729540,margine_fisso,0.0,1787729722,2,False,0.31549276900660334,6,sintetico
roma,14,72496,80408,300,1787729540,robusto,0.3343947976112371,1787729240,3,True,0.31549276900660334,6,sintetico
roma,14,72496,80408,600,1787729840,piu_veloce,0.3943008521131501,1787729240,3,True,0.21274841764366506,6,sintetico
roma,14,72496,80408,600,1787729840,meno_cambi,0.0,1787731182,1,False,0.21274841764366506,6,sintetico
roma,14,72496,80408,600,1787729840,margine_fisso,0.1980298692826613,1787729722,2,False,0.21274841764366506,6,sintetico
roma,14,72496,80408,600,1787729840,robusto,0.3943008521131501,1787729240,3,True,0.21274841764366506,6,sintetico
roma,14,72496,80408,900,1787730140,piu_veloce,0.40404402023766617,1787729240,3,False,0.2760222258366832,6,sintetico
roma,14,72496,80408,900,1787730140,meno_cambi,0.0,1787731182,1,False,0.2760222258366832,6,sintetico
roma,14,72496,80408,900,1787730140,margine_fisso,0.6364598597113249,1787729722,2,True,0.2760222258366832,6,sintetico
roma,14,72496,80408,900,1787730140,robusto,0.6364598597113249,1787729722,2,True,0.2760222258366832,6,sintetico
roma,14,72496,80408,1200,1787730440,piu_veloce,0.4099461645269831,1787729240,3,False,0.37983223240853115,6,sintetico
roma,14,72496,80408,1200,1787730440,meno_cambi,0.0,1787731182,1,False,0.37983223240853115,6,sintetico
roma,14,72496,80408,1200,1787730440,margine_fisso,0.7768611780325464,1787729722,2,True,0.37983223240853115,6,sintetico
roma,14,72496,80408,1200,1787730440,robusto,0.7768611780325464,1787729722,2,True,0.37983223240853115,6,sintetico
roma,14,72496,80408,1800,1787731040,piu_veloce,0.638124945470812,1787729240,3,False,0.8093012639507698,6,sintetico
roma,14,72496,80408,1800,1787731040,meno_cambi,9.36615719858963e-16,1787731182,1,False,0.8093012639507698,6,sintetico
roma,14,72496,80408,1800,1787731040,margine_fisso,0.8298751792212595,1787729722,2,True,0.8093012639507698,6,sintetico
roma,14,72496,80408,1800,1787731040,robusto,0.8298751792212595,1787729722,2,True,0.8093012639507698,6,sintetico
roma,15,71198,82263,0,1787728530,piu_veloce,0.13596608688281742,1787728530,2,True,,5,sintetico
roma,15,71198,82263,0,1787728530,meno_cambi,0.0,1787729370,1,False,,5,sintetico
roma,15,71198,82263,0,1787728530,margine_fisso,0.13596608688281742,1787728530,2,True,,5,sintetico
roma,15,71198,82263,0,1787728530,robusto,0.13596608688281742,1787728530,2,True,,5,sintetico
roma,15,71198,82263,300,1787728830,piu_veloce,0.5292083274088204,1787728530,2,True,,5,sintetico
roma,15,71198,82263,300,1787728830,meno_cambi,0.0,1787729370,1,False,,5,sintetico
roma,15,71198,82263,300,1787728830,margine_fisso,0.5292083274088204,1787728530,2,True,,5,sintetico
roma,15,71198,82263,300,1787728830,robusto,0.5292083274088204,1787728530,2,True,,5,sintetico
roma,15,71198,82263,600,1787729130,piu_veloce,0.5814870055720808,1787728530,2,True,0.5799583869961483,5,sintetico
roma,15,71198,82263,600,1787729130,meno_cambi,0.0,1787729370,1,False,0.5799583869961483,5,sintetico
roma,15,71198,82263,600,1787729130,margine_fisso,0.5814870055720808,1787728530,2,True,0.5799583869961483,5,sintetico
roma,15,71198,82263,600,1787729130,robusto,0.5814870055720808,1787728530,2,True,0.5799583869961483,5,sintetico
roma,15,71198,82263,900,1787729430,piu_veloce,0.5888586176375105,1787728530,2,True,0.5753211053309044,5,sintetico
roma,15,71198,82263,900,1787729430,meno_cambi,0.33676376431982674,1787729370,1,False,0.5753211053309044,5,sintetico
roma,15,71198,82263,900,1787729430,margine_fisso,0.5888586176375105,1787728530,2,True,0.5753211053309044,5,sintetico
roma,15,71198,82263,900,1787729430,robusto,0.5888586176375105,1787728530,2,True,0.5753211053309044,5,sintetico
roma,15,71198,82263,1200,1787729730,piu_veloce,0.8574070127189357,1787728530,2,False,0.8443644750684997,5,sintetico
roma,15,71198,82263,1200,1787729730,meno_cambi,0.8635291708612851,1787729370,1,True,0.8443644750684997,5,sintetico
roma,15,71198,82263,1200,1787729730,margine_fisso,0.8574070127189357,1787728530,2,False,0.8443644750684997,5,sintetico
roma,15,71198,82263,1200,1787729730,robusto,0.8635291708612851,1787729370,1,True,0.8443644750684997,5,sintetico
roma,15,71198,82263,1800,1787730330,piu_veloce,0.9869593005252222,1787728530,2,True,0.4939807205937402,5,sintetico
roma,15,71198,82263,1800,1787730330,meno_cambi,0.9406719898038314,1787729370,1,False,0.4939807205937402,5,sintetico
roma,15,71198,82263,1800,1787730330,margine_fisso,0.9869593005252222,1787728530,2,True,0.4939807205937402,5,sintetico
roma,15,71198,82263,1800,1787730330,robusto,0.9869593005252222,1787728530,2,True,0.4939807205937402,5,sintetico
roma,16,81792,77191,0,1787730506,piu_veloce,0.01998718425841234,1787730506,2,True,0.0039858979090793625,2,sintetico
roma,16,81792,77191,0,1787730506,meno_cambi,0.01998718425841234,1787730506,2,True,0.0039858979090793625,2,sintetico
roma,16,81792,77191,0,1787730506,margine_fisso,0.01998718425841234,1787730506,2,True,0.0039858979090793625,2,sintetico
roma,16,81792,77191,0,1787730506,robusto,0.01998718425841234,1787730506,2,True,0.0039858979090793625,2,sintetico
roma,16,81792,77191,300,1787730806,piu_veloce,0.2948296136681891,1787730506,2,True,0.057346981754832244,2,sintetico
roma,16,81792,77191,300,1787730806,meno_cambi,0.2948296136681891,1787730506,2,True,0.057346981754832244,2,sintetico
roma,16,81792,77191,300,1787730806,margine_fisso,0.2948296136681891,1787730506,2,True,0.057346981754832244,2,sintetico
roma,16,81792,77191,300,1787730806,robusto,0.2948296136681891,1787730506,2,True,0.057346981754832244,2,sintetico
roma,16,81792,77191,600,1787731106,piu_veloce,0.5180174231366487,1787730506,2,True,0.099850881358504,2,sintetico
roma,16,81792,77191,600,1787731106,meno_cambi,0.5180174231366487,1787730506,2,True,0.099850881358504,2,sintetico
roma,16,81792,77191,600,1787731106,margine_fisso,0.5180174231366487,1787730506,2,True,0.099850881358504,2,sintetico
roma,16,81792,77191,600,1787731106,robusto,0.5180174231366487,1787730506,2,True,0.099850881358504,2,sintetico
roma,16,81792,77191,900,1787731406,piu_veloce,0.639702402593534,1787730506,2,True,0.12264856733448559,2,sintetico
roma,16,81792,77191,900,1787731406,meno_cambi,0.639702402593534,1787730506,2,True,0.12264856733448559,2,sintetico
roma,16,81792,77191,900,1787731406,margine_fisso,0.639702402593534,1787730506,2,True,0.12264856733448559,2,sintetico
roma,16,81792,77191,900,1787731406,robusto,0.639702402593534,1787730506,2,True,0.12264856733448559,2,sintetico
roma,16,81792,77191,1200,1787731706,piu_veloce,0.7874486611095477,1787730506,2,True,0.14796291045018695,2,sintetico
roma,16,81792,77191,1200,1787731706,meno_cambi,0.7874486611095477,1787730506,2,True,0.14796291045018695,2,sintetico
roma,16,81792,77191,1200,1787731706,margine_fisso,0.7874486611095477,1787730506,2,True,0.14796291045018695,2,sintetico
roma,16,81792,77191,1200,1787731706,robusto,0.7874486611095477,1787730506,2,True,0.14796291045018695,2,sintetico
roma,16,81792,77191,1800,1787732306,piu_veloce,0.943440370398348,1787730506,2,True,0.1600926134449372,2,sintetico
roma,16,81792,77191,1800,1787732306,meno_cambi,0.943440370398348,1787730506,2,True,0.1600926134449372,2,sintetico
roma,16,81792,77191,1800,1787732306,margine_fisso,0.943440370398348,1787730506,2,True,0.1600926134449372,2,sintetico
roma,16,81792,77191,1800,1787732306,robusto,0.943440370398348,1787730506,2,True,0.1600926134449372,2,sintetico
roma,17,75782,78712,0,1787728698,piu_veloce,0.003892281063959199,1787728698,3,True,,6,sintetico
roma,17,75782,78712,0,1787728698,meno_cambi,0.0,1787728950,2,False,,6,sintetico
roma,17,75782,78712,0,1787728698,margine_fisso,0.0,1787730018,3,False,,6,sintetico
roma,17,75782,78712,0,1787728698,robusto,0.003892281063959199,1787728698,3,True,,6,sintetico
roma,17,75782,78712,300,1787728998,piu_veloce,0.1319616075997385,1787728698,3,True,0.12303200144112195,6,sintetico
roma,17,75782,78712,300,1787728998,meno_cambi,0.008929606158616543,1787728950,2,False,0.12303200144112195,6,sintetico
roma,17,75782,78712,300,1787728998,margine_fisso,0.0,1787730018,3,False,0.12303200144112195,6,sintetico
roma,17,75782,78712,300,1787728998,robusto,0.1319616075997385,1787728698,3,True,0.12303200144112195,6,sintetico
roma,17,75782,78712,600,1787729298,piu_veloce,0.23870231238894274,1787728698,3,True,0.13026690379922545,6,sintetico
roma,17,75782,78712,600,1787729298,meno_cambi,0.10843540858971729,1787728950,2,False,0.13026690379922545,6,sintetico
roma,17,75782,78712,600,1787729298,margine_fisso,0.0,1787730018,3,False,0.13026690379922545,6,sintetico
roma,17,75782,78712,600,1787729298,robusto,0.23870231238894274,1787728698,3,True,0.13026690379922545,6,sintetico
roma,17,75782,78712,900,1787729598,piu_veloce,0.28381358234078596,1787728698,3,True,0.2579067699236759,6,sintetico
roma,17,75782,78712,900,1787729598,meno_cambi,0.19899869534981807,1787728950,2,False,0.2579067699236759,6,sintetico
roma,17,75782,78712,900,1787729598,margine_fisso,0.0,1787730018,3,False,0.2579067699236759,6,sintetico
roma,17,75782,78712,900,1787729598,robusto,0.28381358234078596,1787728698,3,True,0.2579067699236759,6,sintetico
roma,17,75782,78712,1200,1787729898,piu_veloce,0.3028307775693001,1787728698,3,True,0.13421970460990407,6,sintetico
roma,17,75782,78712,1200,1787729898,meno_cambi,0.24913683140691661,1787728950,2,False,0.13421970460990407,6,sintetico
roma,17,75782,78712,1200,1787729898,margine_fisso,1.3080648927229519e-06,1787730018,3,False,0.13421970460990407,6,sintetico
roma,17,75782,78712,1200,1787729898,robusto,0.3028307775693001,1787728698,3,True,0.13421970460990407,6,sintetico
roma,17,75782,78712,1800,1787730498,piu_veloce,0.6622423609736746,1787728698,3,True,0.4646650163331944,6,sintetico
roma,17,75782,78712,1800,1787730498,meno_cambi,0.4606894407273345,1787728950,2,False,0.4646650163331944,6,sintetico
roma,17,75782,78712,1800,1787730498,margine_fisso,0.29330562023774637,1787730018,3,False,0.4646650163331944,6,sintetico
roma,17,75782,78712,1800,1787730498,robusto,0.6622423609736746,1787728698,3,True,0.4646650163331944,6,sintetico
roma,18,77726,71218,0,1787730676,piu_veloce,9.123175853032027e-05,1787730676,3,True,,2,sintetico
roma,18,77726,71218,0,1787730676,meno_cambi,9.123175853032027e-05,1787730676,3,True,,2,sintetico
roma,18,77726,71218,0,1787730676,margine_fisso,0.0,1787730856,3,False,,2,sintetico
roma,18,77726,71218,0,1787730676,robusto,9.123175853032027e-05,1787730676,3,True,,2,sintetico
roma,18,77726,71218,300,1787730976,piu_veloce,0.022787903818431685,1787730676,3,True,0.018362028843121707,2,sintetico
roma,18,77726,71218,300,1787730976,meno_cambi,0.022787903818431685,1787730676,3,True,0.018362028843121707,2,sintetico
roma,18,77726,71218,300,1787730976,margine_fisso,0.004425874975309977,1787730856,3,False,0.018362028843121707,2,sintetico
roma,18,77726,71218,300,1787730976,robusto,0.022787903818431685,1787730676,3,True,0.018362028843121707,2,sintetico
roma,18,77726,71218,600,1787731276,piu_veloce,0.09723220777368773,1787730676,3,True,0.053865368113780475,2,sintetico
roma,18,77726,71218,600,1787731276,meno_cambi,0.09723220777368773,1787730676,3,True,0.053865368113780475,2,sintetico
roma,18,77726,71218,600,1787731276,margine_fisso,0.04336683965990725,1787730856,3,False,0.053865368113780475,2,sintetico
roma,18,77726,71218,600,1787731276,robusto,0.09723220777368773,1787730676,3,True,0.053865368113780475,2,sintetico
roma,18,77726,71218,900,1787731576,piu_veloce,0.1731149807382807,1787730676,3,True,0.06190845376153978,2,sintetico
roma,18,77726,71218,900,1787731576,meno_cambi,0.1731149807382807,1787730676,3,True,0.06190845376153978,2,sintetico
roma,18,77726,71218,900,1787731576,margine_fisso,0.11120652697674091,1787730856,3,False,0.06190845376153978,2,sintetico
roma,18,77726,71218,900,1787731576,robusto,0.1731149807382807,1787730676,3,True,0.06190845376153978,2,sintetico
roma,18,77726,71218,1200,1787731876,piu_veloce,0.22619108990217762,1787730676,3,True,0.019998223094535805,2,sintetico
roma,18,77726,71218,1200,1787731876,meno_cambi,0.22619108990217762,1787730676,3,True,0.019998223094535805,2,sintetico
roma,18,77726,71218,1200,1787731876,margine_fisso,0.20619286680764182,1787730856,3,False,0.019998223094535805,2,sintetico
roma,18,77726,71218,1200,1787731876,robusto,0.22619108990217762,1787730676,3,True,0.019998223094535805,2,sintetico
roma,18,77726,71218,1800,1787732476,piu_veloce,0.3359289724237188,1787730676,3,False,0.07285591138408798,2,sintetico
roma,18,77726,71218,1800,1787732476,meno_cambi,0.3359289724237188,1787730676,3,False,0.07285591138408798,2,sintetico
roma,18,77726,71218,1800,1787732476,margine_fisso,0.40878488380780675,1787730856,3,True,0.07285591138408798,2,sintetico
roma,18,77726,71218,1800,1787732476,robusto,0.40878488380780675,1787730856,3,True,0.07285591138408798,2,sintetico
roma,19,76627,79966,0,1787725834,piu_veloce,0.003000980781696407,1787725834,1,True,0.00014845910310684954,5,sintetico
roma,19,76627,79966,0,1787725834,meno_cambi,0.003000980781696407,1787725834,1,True,0.00014845910310684954,5,sintetico
roma,19,76627,79966,0,1787725834,margine_fisso,0.003000980781696407,1787725834,1,True,0.00014845910310684954,5,sintetico
roma,19,76627,79966,0,1787725834,robusto,0.003000980781696407,1787725834,1,True,0.00014845910310684954,5,sintetico
roma,19,76627,79966,300,1787726134,piu_veloce,0.5196433085909385,1787725834,1,True,0.23789511651843248,5,sintetico
roma,19,76627,79966,300,1787726134,meno_cambi,0.5196433085909385,1787725834,1,True,0.23789511651843248,5,sintetico
roma,19,76627,79966,300,1787726134,margine_fisso,0.5196433085909385,1787725834,1,True,0.23789511651843248,5,sintetico
roma,19,76627,79966,300,1787726134,robusto,0.5196433085909385,1787725834,1,True,0.23789511651843248,5,sintetico
roma,19,76627,79966,600,1787726434,piu_veloce,0.846814675279032,1787725834,1,True,0.6781607004745203,5,sintetico
roma,19,76627,79966,600,1787726434,meno_cambi,0.846814675279032,1787725834,1,True,0.6781607004745203,5,sintetico
roma,19,76627,79966,600,1787726434,margine_fisso,0.846814675279032,1787725834,1,True,0.6781607004745203,5,sintetico
roma,19,76627,79966,600,1787726434,robusto,0.846814675279032,1787725834,1,True,0.6781607004745203,5,sintetico
roma,19,76627,79966,900,1787726734,piu_veloce,0.899800873566664,1787725834,1,True,0.5945158723288749,5,sintetico
roma,19,76627,79966,900,1787726734,meno_cambi,0.899800873566664,1787725834,1,True,0.5945158723288749,5,sintetico
roma,19,76627,79966,900,1787726734,margine_fisso,0.899800873566664,1787725834,1,True,0.5945158723288749,5,sintetico
roma,19,76627,79966,900,1787726734,robusto,0.899800873566664,1787725834,1,True,0.5945158723288749,5,sintetico
roma,19,76627,79966,1200,1787727034,piu_veloce,0.9112084895370196,1787725834,1,True,0.6013784772476769,5,sintetico
roma,19,76627,79966,1200,1787727034,meno_cambi,0.9112084895370196,1787725834,1,True,0.6013784772476769,5,sintetico
roma,19,76627,79966,1200,1787727034,margine_fisso,0.9112084895370196,1787725834,1,True,0.6013784772476769,5,sintetico
roma,19,76627,79966,1200,1787727034,robusto,0.9112084895370196,1787725834,1,True,0.6013784772476769,5,sintetico
roma,19,76627,79966,1800,1787727634,piu_veloce,0.9960109848416987,1787725834,1,True,0.21359882497402483,5,sintetico
roma,19,76627,79966,1800,1787727634,meno_cambi,0.9960109848416987,1787725834,1,True,0.21359882497402483,5,sintetico
roma,19,76627,79966,1800,1787727634,margine_fisso,0.9960109848416987,1787725834,1,True,0.21359882497402483,5,sintetico
roma,19,76627,79966,1800,1787727634,robusto,0.9960109848416987,1787725834,1,True,0.21359882497402483,5,sintetico
roma,20,72920,78692,0,1787726887,piu_veloce,0.18495639403382247,1787726887,0,True,0.16691100369510337,6,sintetico
roma,20,72920,78692,0,1787726887,meno_cambi,0.18495639403382247,1787726887,0,True,0.16691100369510337,6,sintetico
roma,20,72920,78692,0,1787726887,margine_fisso,0.18495639403382247,1787726887,0,True,0.16691100369510337,6,sintetico
roma,20,72920,78692,0,1787726887,robusto,0.18495639403382247,1787726887,0,True,0.16691100369510337,6,sintetico
roma,20,72920,78692,300,1787727187,piu_veloce,0.9856379104908846,1787726887,0,True,0.807092333846948,6,sintetico
roma,20,72920,78692,300,1787727187,meno_cambi,0.9856379104908846,1787726887,0,True,0.807092333846948,6,sintetico
roma,20,72920,78692,300,1787727187,margine_fisso,0.9856379104908846,1787726887,0,True,0.807092333846948,6,sintetico
roma,20,72920,78692,300,1787727187,robusto,0.9856379104908846,1787726887,0,True,0.807092333846948,6,sintetico
roma,20,72920,78692,600,1787727487,piu_veloce,0.9997915461017199,1787726887,0,True,0.8687199822122624,6,sintetico
roma,20,72920,78692,600,1787727487,meno_cambi,0.9997915461017199,1787726887,0,True,0.8687199822122624,6,sintetico
roma,20,72920,78692,600,1787727487,margine_fisso,0.9997915461017199,1787726887,0,True,0.8687199822122624,6,sintetico
roma,20,72920,78692,600,1787727487,robusto,0.9997915461017199,1787726887,0,True,0.8687199822122624,6,sintetico
roma,20,72920,78692,900,1787727787,piu_veloce,0.9999923783930991,1787726887,0,True,0.6408417794278964,6,sintetico
roma,20,72920,78692,900,1787727787,meno_cambi,0.9999923783930991,1787726887,0,True,0.6408417794278964,6,sintetico
roma,20,72920,78692,900,1787727787,margine_fisso,0.9999923783930991,1787726887,0,True,0.6408417794278964,6,sintetico
roma,20,72920,78692,900,1787727787,robusto,0.9999923783930991,1787726887,0,True,0.6408417794278964,6,sintetico
roma,20,72920,78692,1200,1787728087,piu_veloce,0.9999994062019284,1787726887,0,True,0.3383782410428159,6,sintetico
roma,20,72920,78692,1200,1787728087,meno_cambi,0.9999994062019284,1787726887,0,True,0.3383782410428159,6,sintetico
roma,20,72920,78692,1200,1787728087,margine_fisso,0.9999994062019284,1787726887,0,True,0.3383782410428159,6,sintetico
roma,20,72920,78692,1200,1787728087,robusto,0.9999994062019284,1787726887,0,True,0.3383782410428159,6,sintetico
roma,20,72920,78692,1800,1787728687,piu_veloce,0.9999999997408128,1787726887,0,True,0.7176267262420473,6,sintetico
roma,20,72920,78692,1800,1787728687,meno_cambi,0.9999999997408128,1787726887,0,True,0.7176267262420473,6,sintetico
roma,20,72920,78692,1800,1787728687,margine_fisso,0.9999999997408128,1787726887,0,True,0.7176267262420473,6,sintetico
roma,20,72920,78692,1800,1787728687,robusto,0.9999999997408128,1787726887,0,True,0.7176267262420473,6,sintetico
roma,21,76977,78777,0,1787727060,piu_veloce,0.0005888728729900068,1787727060,2,True,,8,sintetico
roma,21,76977,78777,0,1787727060,meno_cambi,0.0,1787727474,1,False,,8,sintetico
roma,21,76977,78777,0,1787727060,margine_fisso,0.0,1787728080,1,False,,8,sintetico
roma,21,76977,78777,0,1787727060,robusto,0.0005888728729900068,1787727060,2,True,,8,sintetico
roma,21,76977,78777,300,1787727360,piu_veloce,0.14772767128603484,1787727060,2,True,0.1446650370048682,8,sintetico
roma,21,76977,78777,300,1787727360,meno_cambi,1.2418965068468984e-10,1787727474,1,False,0.1446650370048682,8,sintetico
roma,21,76977,78777,300,1787727360,margine_fisso,0.0,1787728080,1,False,0.1446650370048682,8,sintetico
roma,21,76977,78777,300,1787727360,robusto,0.14772767128603484,1787727060,2,True,0.1446650370048682,8,sintetico
roma,21,76977,78777,600,1787727660,piu_veloce,0.4056963758799038,1787727060,2,True,0.38759976290022363,8,sintetico
roma,21,76977,78777,600,1787727660,meno_cambi,0.07842161336875114,1787727474,1,False,0.38759976290022363,8,sintetico
roma,21,76977,78777,600,1787727660,margine_fisso,0.0,1787728080,1,False,0.38759976290022363,8,sintetico
roma,21,76977,78777,600,1787727660,robusto,0.4056963758799038,1787727060,2,True,0.38759976290022363,8,sintetico
roma,21,76977,78777,900,1787727960,piu_veloce,0.5378906239746791,1787727060,2,True,0.5043683113528833,8,sintetico
roma,21,76977,78777,900,1787727960,meno_cambi,0.15902769603337694,1787727474,1,False,0.5043683113528833,8,sintetico
roma,21,76977,78777,900,1787727960,margine_fisso,3.549808086807362e-07,1787728080,1,False,0.5043683113528833,8,sintetico
roma,21,76977,78777,900,1787727960,robusto,0.5378906239746791,1787727060,2,True,0.5043683113528833,8,sintetico
roma,21,76977,78777,1200,1787728260,piu_veloce,0.6251908400630216,1787727060,2,True,0.5745855892377544,8,sintetico
roma,21,76977,78777,1200,1787728260,meno_cambi,0.16542042782147115,1787727474,1,False,0.5745855892377544,8,sintetico
roma,21,76977,78777,1200,1787728260,margine_fisso,0.09930810438797985,1787728080,1,False,0.5745855892377544,8,sintetico
roma,21,76977,78777,1200,1787728260,robusto,0.6251908400630216,1787727060,2,True,0.5745855892377544,8,sintetico
roma,21,76977,78777,1800,1787728860,piu_veloce,0.8542709033545435,1787727060,2,True,0.8339429983016443,8,sintetico
roma,21,76977,78777,1800,1787728860,meno_cambi,0.8095386615285782,1787727474,1,False,0.8339429983016443,8,sintetico
roma,21,76977,78777,1800,1787728860,margine_fisso,0.6416293862860734,1787728080,1,False,0.8339429983016443,8,sintetico
roma,21,76977,78777,1800,1787728860,robusto,0.8542709033545435,1787727060,2,True,0.8339429983016443,8,sintetico
roma,22,72591,78203,0,1787726432,piu_veloce,0.05865283716234102,1787726432,1,True,0.0582289617260823,4,sintetico
roma,22,72591,78203,0,1787726432,meno_cambi,0.0,1787726761,0,False,0.0582289617260823,4,sintetico
roma,22,72591,78203,0,1787726432,margine_fisso,0.0,1787726761,0,False,0.0582289617260823,4,sintetico
roma,22,72591,78203,0,1787726432,robusto,0.05865283716234102,1787726432,1,True,0.0582289617260823,4,sintetico
roma,22,72591,78203,300,1787726732,piu_veloce,0.23059063598611967,1787726432,1,True,0.22694342362192443,4,sintetico
roma,22,72591,78203,300,1787726732,meno_cambi,0.0070553682859246965,1787726761,0,False,0.22694342362192443,4,sintetico
roma,22,72591,78203,300,1787726732,margine_fisso,0.0070553682859246965,1787726761,0,False,0.22694342362192443,4,sintetico
roma,22,72591,78203,300,1787726732,robusto,0.23059063598611967,1787726432,1,True,0.22694342362192443,4,sintetico
roma,22,72591,78203,600,1787727032,piu_veloce,0.231012456145785,1787726432,1,False,0.7292463005203571,4,sintetico
roma,22,72591,78203,600,1787727032,meno_cambi,0.7329225438119946,1787726761,0,True,0.7292463005203571,4,sintetico
roma,22,72591,78203,600,1787727032,margine_fisso,0.7329225438119946,1787726761,0,True,0.7292463005203571,4,sintetico
roma,22,72591,78203,600,1787727032,robusto,0.7329225438119946,1787726761,0,True,0.7292463005203571,4,sintetico
roma,22,72591,78203,900,1787727332,piu_veloce,0.2310140658985867,1787726432,1,False,0.9678309588540078,4,sintetico
roma,22,72591,78203,900,1787727332,meno_cambi,0.9715073965024738,1787726761,0,True,0.9678309588540078,4,sintetico
roma,22,72591,78203,900,1787727332,margine_fisso,0.9715073965024738,1787726761,0,True,0.9678309588540078,4,sintetico
roma,22,72591,78203,900,1787727332,robusto,0.9715073965024738,1787726761,0,True,0.9678309588540078,4,sintetico
roma,22,72591,78203,1200,1787727632,piu_veloce,0.23102948340110774,1787726432,1,False,0.9928522445820311,4,sintetico
roma,22,72591,78203,1200,1787727632,meno_cambi,0.9965418435045722,1787726761,0,True,0.9928522445820311,4,sintetico
roma,22,72591,78203,1200,1787727632,margine_fisso,0.9965418435045722,1787726761,0,True,0.9928522445820311,4,sintetico
roma,22,72591,78203,1200,1787727632,robusto,0.9965418435045722,1787726761,0,True,0.9928522445820311,4,sintetico
roma,22,72591,78203,1800,1787728232,piu_veloce,0.993397789211715,1787726432,1,False,0.9964390156129035,4,sintetico
roma,22,72591,78203,1800,1787728232,meno_cambi,0.9999279515122075,1787726761,0,True,0.9964390156129035,4,sintetico
roma,22,72591,78203,1800,1787728232,margine_fisso,0.9999279515122075,1787726761,0,True,0.9964390156129035,4,sintetico
roma,22,72591,78203,1800,1787728232,robusto,0.9999279515122075,1787726761,0,True,0.9964390156129035,4,sintetico
roma,23,77991,76266,0,1787726122,piu_veloce,0.013447878319993976,1787726122,1,True,0.00768147370374098,5,sintetico
roma,23,77991,76266,0,1787726122,meno_cambi,0.013447878319993976,1787726122,1,True,0.00768147370374098,5,sintetico
roma,23,77991,76266,0,1787726122,margine_fisso,0.0,1787727382,1,False,0.00768147370374098,5,sintetico
roma,23,77991,76266,0,1787726122,robusto,0.013447878319993976,1787726122,1,True,0.00768147370374098,5,sintetico
roma,23,77991,76266,300,1787726422,piu_veloce,0.6189690923583497,1787726122,1,True,0.3362115201323692,5,sintetico
roma,23,77991,76266,300,1787726422,meno_cambi,0.6189690923583497,1787726122,1,True,0.3362115201323692,5,sintetico
roma,23,77991,76266,300,1787726422,margine_fisso,0.0,1787727382,1,False,0.3362115201323692,5,sintetico
roma,23,77991,76266,300,1787726422,robusto,0.6189690923583497,1787726122,1,True,0.3362115201323692,5,sintetico
roma,23,77991,76266,600,1787726722,piu_veloce,0.8356934870989609,1787726122,1,True,0.45122586549026783,5,sintetico
roma,23,77991,76266,600,1787726722,meno_cambi,0.8356934870989609,1787726122,1,True,0.45122586549026783,5,sintetico
roma,23,77991,76266,600,1787726722,margine_fisso,0.0,1787727382,1,False,0.45122586549026783,5,sintetico
roma,23,77991,76266,600,1787726722,robusto,0.8356934870989609,1787726122,1,True,0.45122586549026783,5,sintetico
roma,23,77991,76266,900,1787727022,piu_veloce,0.8646588971417489,1787726122,1,True,0.46572316034318406,5,sintetico
roma,23,77991,76266,900,1787727022,meno_cambi,0.8646588971417489,1787726122,1,True,0.46572316034318406,5,sintetico
roma,23,77991,76266,900,1787727022,margine_fisso,0.0,1787727382,1,False,0.46572316034318406,5,sintetico
roma,23,77991,76266,900,1787727022,robusto,0.8646588971417489,1787726122,1,True,0.46572316034318406,5,sintetico
roma,23,77991,76266,1200,1787727322,piu_veloce,0.8689951356128421,1787726122,1,True,0.4667384981750607,5,sintetico
roma,23,77991,76266,1200,1787727322,meno_cambi,0.8689951356128421,1787726122,1,True,0.4667384981750607,5,sintetico
roma,23,77991,76266,1200,1787727322,margine_fisso,0.0003372131881963797,1787727382,1,False,0.4667384981750607,5,sintetico
roma,23,77991,76266,1200,1787727322,robusto,0.8689951356128421,1787726122,1,True,0.4667384981750607,5,sintetico
roma,23,77991,76266,1800,1787727922,piu_veloce,0.9931437304695724,1787726122,1,True,0.970933076055351,5,sintetico
roma,23,77991,76266,1800,1787727922,meno_cambi,0.9931437304695724,1787726122,1,True,0.970933076055351,5,sintetico
roma,23,77991,76266,1800,1787727922,margine_fisso,0.7879552538960511,1787727382,1,False,0.970933076055351,5,sintetico
roma,23,77991,76266,1800,1787727922,robusto,0.9931437304695724,1787726122,1,True,0.970933076055351,5,sintetico
roma,24,75694,72756,0,1787727330,piu_veloce,0.016993232104215907,1787727330,1,False,0.011845656988745155,9,sintetico
roma,24,75694,72756,0,1787727330,meno_cambi,0.016993232104215907,1787727330,1,False,0.011845656988745155,9,sintetico
roma,24,75694,72756,0,1787727330,margine_fisso,0.028838889092961062,1787727330,2,True,0.011845656988745155,9,sintetico
roma,24,75694,72756,0,1787727330,robusto,0.028838889092961062,1787727330,2,True,0.011845656988745155,9,sintetico
roma,24,75694,72756,300,1787727630,piu_veloce,0.5156320781556735,1787727330,1,False,0.1953702430856562,9,sintetico
roma,24,75694,72756,300,1787727630,meno_cambi,0.5156320781556735,1787727330,1,False,0.1953702430856562,9,sintetico
roma,24,75694,72756,300,1787727630,margine_fisso,0.7110023212413297,1787727330,2,True,0.1953702430856562,9,sintetico
roma,24,75694,72756,300,1787727630,robusto,0.7110023212413297,1787727330,2,True,0.1953702430856562,9,sintetico
roma,24,75694,72756,600,1787727930,piu_veloce,0.6871385324737767,1787727330,1,False,0.2648701158713008,9,sintetico
roma,24,75694,72756,600,1787727930,meno_cambi,0.6871385324737767,1787727330,1,False,0.2648701158713008,9,sintetico
roma,24,75694,72756,600,1787727930,margine_fisso,0.9520086483450775,1787727330,2,True,0.2648701158713008,9,sintetico
roma,24,75694,72756,600,1787727930,robusto,0.9520086483450775,1787727330,2,True,0.2648701158713008,9,sintetico
roma,24,75694,72756,900,1787728230,piu_veloce,0.7107423311431701,1787727330,1,False,0.2781935486913474,9,sintetico
roma,24,75694,72756,900,1787728230,meno_cambi,0.7107423311431701,1787727330,1,False,0.2781935486913474,9,sintetico
roma,24,75694,72756,900,1787728230,margine_fisso,0.9889358798345175,1787727330,2,True,0.2781935486913474,9,sintetico
roma,24,75694,72756,900,1787728230,robusto,0.9889358798345175,1787727330,2,True,0.2781935486913474,9,sintetico
roma,24,75694,72756,1200,1787728530,piu_veloce,0.7142150712611331,1787727330,1,False,0.2807515571861945,9,sintetico
roma,24,75694,72756,1200,1787728530,meno_cambi,0.7142150712611331,1787727330,1,False,0.2807515571861945,9,sintetico
roma,24,75694,72756,1200,1787728530,margine_fisso,0.9949666284473276,1787727330,2,True,0.2807515571861945,9,sintetico
roma,24,75694,72756,1200,1787728530,robusto,0.9949666284473276,1787727330,2,True,0.2807515571861945,9,sintetico
roma,24,75694,72756,1800,1787729130,piu_veloce,0.721840152421583,1787727330,1,False,0.9793557410134438,9,sintetico
roma,24,75694,72756,1800,1787729130,meno_cambi,0.721840152421583,1787727330,1,False,0.9793557410134438,9,sintetico
roma,24,75694,72756,1800,1787729130,margine_fisso,0.9966387659437013,1787727330,2,True,0.9793557410134438,9,sintetico
roma,24,75694,72756,1800,1787729130,robusto,0.9966387659437013,1787727330,2,True,0.9793557410134438,9,sintetico
roma,25,78898,75837,0,1787729754,piu_veloce,0.06582531963732703,1787729754,2,True,0.008347396766925433,4,sintetico
roma,25,78898,75837,0,1787729754,meno_cambi,0.06582531963732703,1787729754,2,True,0.008347396766925433,4,sintetico
roma,25,78898,75837,0,1787729754,margine_fisso,0.06582531963732703,1787729754,2,True,0.008347396766925433,4,sintetico
roma,25,78898,75837,0,1787729754,robusto,0.06582531963732703,1787729754,2,True,0.008347396766925433,4,sintetico
roma,25,78898,75837,300,1787730054,piu_veloce,0.6831249108215982,1787729754,2,True,0.38213034948170443,4,sintetico
roma,25,78898,75837,300,1787730054,meno_cambi,0.6831249108215982,1787729754,2,True,0.38213034948170443,4,sintetico
roma,25,78898,75837,300,1787730054,margine_fisso,0.6831249108215982,1787729754,2,True,0.38213034948170443,4,sintetico
roma,25,78898,75837,300,1787730054,robusto,0.6831249108215982,1787729754,2,True,0.38213034948170443,4,sintetico
roma,25,78898,75837,600,1787730354,piu_veloce,0.8285340439978033,1787729754,2,True,0.16046438503190652,4,sintetico
roma,25,78898,75837,600,1787730354,meno_cambi,0.8285340439978033,1787729754,2,True,0.16046438503190652,4,sintetico
roma,25,78898,75837,600,1787730354,margine_fisso,0.8285340439978033,1787729754,2,True,0.16046438503190652,4,sintetico
roma,25,78898,75837,600,1787730354,robusto,0.8285340439978033,1787729754,2,True,0.16046438503190652,4,sintetico
roma,25,78898,75837,900,1787730654,piu_veloce,0.8542728370920029,1787729754,2,True,0.1177947638197705,4,sintetico
roma,25,78898,75837,900,1787730654,meno_cambi,0.8542728370920029,1787729754,2,True,0.1177947638197705,4,sintetico
roma,25,78898,75837,900,1787730654,margine_fisso,0.8542728370920029,1787729754,2,True,0.1177947638197705,4,sintetico
roma,25,78898,75837,900,1787730654,robusto,0.8542728370920029,1787729754,2,True,0.1177947638197705,4,sintetico
roma,25,78898,75837,1200,1787730954,piu_veloce,0.8600128107426739,1787729754,2,True,0.10971915028624823,4,sintetico
roma,25,78898,75837,1200,1787730954,meno_cambi,0.8600128107426739,1787729754,2,True,0.10971915028624823,4,sintetico
roma,25,78898,75837,1200,1787730954,margine_fisso,0.8600128107426739,1787729754,2,True,0.10971915028624823,4,sintetico
roma,25,78898,75837,1200,1787730954,robusto,0.8600128107426739,1787729754,2,True,0.10971915028624823,4,sintetico
roma,25,78898,75837,1800,1787731554,piu_veloce,0.8620738981040865,1787729754,2,True,0.10728891141895669,4,sintetico
roma,25,78898,75837,1800,1787731554,meno_cambi,0.8620738981040865,1787729754,2,True,0.10728891141895669,4,sintetico
roma,25,78898,75837,1800,1787731554,margine_fisso,0.8620738981040865,1787729754,2,True,0.10728891141895669,4,sintetico
roma,25,78898,75837,1800,1787731554,robusto,0.8620738981040865,1787729754,2,True,0.10728891141895669,4,sintetico
roma,26,73061,71145,0,1787724936,piu_veloce,0.16371637057427485,1787724936,0,True,0.06669807165470294,4,sintetico
roma,26,73061,71145,0,1787724936,meno_cambi,0.16371637057427485,1787724936,0,True,0.06669807165470294,4,sintetico
roma,26,73061,71145,0,1787724936,margine_fisso,0.16371637057427485,1787724936,0,True,0.06669807165470294,4,sintetico
roma,26,73061,71145,0,1787724936,robusto,0.16371637057427485,1787724936,0,True,0.06669807165470294,4,sintetico
roma,26,73061,71145,300,1787725236,piu_veloce,0.9709178871719392,1787724936,0,True,0.3191474728349023,4,sintetico
roma,26,73061,71145,300,1787725236,meno_cambi,0.9709178871719392,1787724936,0,True,0.3191474728349023,4,sintetico
roma,26,73061,71145,300,1787725236,margine_fisso,0.9709178871719392,1787724936,0,True,0.3191474728349023,4,sintetico
roma,26,73061,71145,300,1787725236,robusto,0.9709178871719392,1787724936,0,True,0.3191474728349023,4,sintetico
roma,26,73061,71145,600,1787725536,piu_veloce,0.9990479332035992,1787724936,0,True,0.3233082519471132,4,sintetico
roma,26,73061,71145,600,1787725536,meno_cambi,0.9990479332035992,1787724936,0,True,0.3233082519471132,4,sintetico
roma,26,73061,71145,600,1787725536,margine_fisso,0.9990479332035992,1787724936,0,True,0.3233082519471132,4,sintetico
roma,26,73061,71145,600,1787725536,robusto,0.9990479332035992,1787724936,0,True,0.3233082519471132,4,sintetico
roma,26,73061,71145,900,1787725836,piu_veloce,0.9999302043298668,1787724936,0,True,0.3233073448736019,4,sintetico
roma,26,73061,71145,900,1787725836,meno_cambi,0.9999302043298668,1787724936,0,True,0.3233073448736019,4,sintetico
roma,26,73061,71145,900,1787725836,margine_fisso,0.9999302043298668,1787724936,0,True,0.3233073448736019,4,sintetico
roma,26,73061,71145,900,1787725836,robusto,0.9999302043298668,1787724936,0,True,0.3233073448736019,4,sintetico
roma,26,73061,71145,1200,1787726136,piu_veloce,0.9999909438732988,1787724936,0,True,0.32330143638482256,4,sintetico
roma,26,73061,71145,1200,1787726136,meno_cambi,0.9999909438732988,1787724936,0,True,0.32330143638482256,4,sintetico
roma,26,73061,71145,1200,1787726136,margine_fisso,0.9999909438732988,1787724936,0,True,0.32330143638482256,4,sintetico
roma,26,73061,71145,1200,1787726136,robusto,0.9999909438732988,1787724936,0,True,0.32330143638482256,4,sintetico
roma,26,73061,71145,1800,1787726736,piu_veloce,0.9999999976241624,1787724936,0,True,0.7218532561479677,4,sintetico
roma,26,73061,71145,1800,1787726736,meno_cambi,0.9999999976241624,1787724936,0,True,0.7218532561479677,4,sintetico
roma,26,73061,71145,1800,1787726736,margine_fisso,0.9999999976241624,1787724936,0,True,0.7218532561479677,4,sintetico
roma,26,73061,71145,1800,1787726736,robusto,0.9999999976241624,1787724936,0,True,0.7218532561479677,4,sintetico
roma,27,75820,78487,0,1787729204,piu_veloce,0.00014225822318045782,1787729204,1,False,5.415099383253148e-05,3,sintetico
roma,27,75820,78487,0,1787729204,meno_cambi,0.00014225822318045782,1787729204,1,False,5.415099383253148e-05,3,sintetico
roma,27,75820,78487,0,1787729204,margine_fisso,0.0001964092170129893,1787729204,2,True,5.415099383253148e-05,3,sintetico
roma,27,75820,78487,0,1787729204,robusto,0.0001964092170129893,1787729204,2,True,5.415099383253148e-05,3,sintetico
roma,27,75820,78487,300,1787729504,piu_veloce,0.021176415415648946,1787729204,1,True,0.001687941426167426,3,sintetico
roma,27,75820,78487,300,1787729504,meno_cambi,0.021176415415648946,1787729204,1,True,0.001687941426167426,3,sintetico
roma,27,75820,78487,300,1787729504,margine_fisso,0.01948847398948152,1787729204,2,False,0.001687941426167426,3,sintetico
roma,27,75820,78487,300,1787729504,robusto,0.021176415415648946,1787729204,1,True,0.001687941426167426,3,sintetico
roma,27,75820,78487,600,1787729804,piu_veloce,0.07183626595657214,1787729204,1,True,0.013849947578665117,3,sintetico
roma,27,75820,78487,600,1787729804,meno_cambi,0.07183626595657214,1787729204,1,True,0.013849947578665117,3,sintetico
roma,27,75820,78487,600,1787729804,margine_fisso,0.05798631837790702,1787729204,2,False,0.013849947578665117,3,sintetico
roma,27,75820,78487,600,1787729804,robusto,0.07183626595657214,1787729204,1,True,0.013849947578665117,3,sintetico
roma,27,75820,78487,900,1787730104,piu_veloce,0.13654305525156096,1787729204,1,True,0.03815756439381224,3,sintetico
roma,27,75820,78487,900,1787730104,meno_cambi,0.13654305525156096,1787729204,1,True,0.03815756439381224,3,sintetico
roma,27,75820,78487,900,1787730104,margine_fisso,0.09838549085774873,1787729204,2,False,0.03815756439381224,3,sintetico
roma,27,75820,78487,900,1787730104,robusto,0.13654305525156096,1787729204,1,True,0.03815756439381224,3,sintetico
roma,27,75820,78487,1200,1787730404,piu_veloce,0.3357618955832019,1787729204,1,True,0.23585316891045705,3,sintetico
roma,27,75820,78487,1200,1787730404,meno_cambi,0.3357618955832019,1787729204,1,True,0.23585316891045705,3,sintetico
roma,27,75820,78487,1200,1787730404,margine_fisso,0.21045639853796702,1787729204,2,False,0.23585316891045705,3,sintetico
roma,27,75820,78487,1200,1787730404,robusto,0.3357618955832019,1787729204,1,True,0.23585316891045705,3,sintetico
roma,27,75820,78487,1800,1787731004,piu_veloce,0.6572167588866303,1787729204,1,True,0.42193979623882916,3,sintetico
roma,27,75820,78487,1800,1787731004,meno_cambi,0.6572167588866303,1787729204,1,True,0.42193979623882916,3,sintetico
roma,27,75820,78487,1800,1787731004,margine_fisso,0.4261669209554792,1787729204,2,False,0.42193979623882916,3,sintetico
roma,27,75820,78487,1800,1787731004,robusto,0.6572167588866303,1787729204,1,True,0.42193979623882916,3,sintetico
roma,28,83492,71502,0,1787727710,piu_veloce,0.005313730231202247,1787727710,2,True,0.0005001217036577632,5,sintetico
roma,28,83492,71502,0,1787727710,meno_cambi,0.0,1787728196,1,False,0.0005001217036577632,5,sintetico
roma,28,83492,71502,0,1787727710,margine_fisso,0.0,1787729276,2,False,0.0005001217036577632,5,sintetico
roma,28,83492,71502,0,1787727710,robusto,0.005313730231202247,1787727710,2,True,0.0005001217036577632,5,sintetico
roma,28,83492,71502,300,1787728010,piu_veloce,0.0757823914010746,1787727710,2,True,0.006566636343441262,5,sintetico
roma,28,83492,71502,300,1787728010,meno_cambi,0.0,1787728196,1,False,0.006566636343441262,5,sintetico
roma,28,83492,71502,300,1787728010,margine_fisso,0.0,1787729276,2,False,0.006566636343441262,5,sintetico
roma,28,83492,71502,300,1787728010,robusto,0.0757823914010746,1787727710,2,True,0.006566636343441262,5,sintetico
roma,28,83492,71502,600,1787728310,piu_veloce,0.15106474531558814,1787727710,2,True,0.13611046214695297,5,sintetico
roma,28,83492,71502,600,1787728310,meno_cambi,0.08617010695358342,1787728196,1,False,0.13611046214695297,5,sintetico
roma,28,83492,71502,600,1787728310,margine_fisso,0.0,1787729276,2,False,0.13611046214695297,5,sintetico
roma,28,83492,71502,600,1787728310,robusto,0.15106474531558814,1787727710,2,True,0.13611046214695297,5,sintetico
roma,28,83492,71502,900,1787728610,piu_veloce,0.5312215287617202,1787727710,2,True,0.4602841961953821,5,sintetico
roma,28,83492,71502,900,1787728610,meno_cambi,0.3261458050482342,1787728196,1,False,0.4602841961953821,5,sintetico
roma,28,83492,71502,900,1787728610,margine_fisso,0.0,1787729276,2,False,0.4602841961953821,5,sintetico
roma,28,83492,71502,900,1787728610,robusto,0.5312215287617202,1787727710,2,True,0.4602841961953821,5,sintetico
roma,28,83492,71502,1200,1787728910,piu_veloce,0.7014393939982724,1787727710,2,True,0.5897160141258585,5,sintetico
roma,28,83492,71502,1200,1787728910,meno_cambi,0.444727931739673,1787728196,1,False,0.5897160141258585,5,sintetico
roma,28,83492,71502,1200,1787728910,margine_fisso,0.0,1787729276,2,False,0.5897160141258585,5,sintetico
roma,28,83492,71502,1200,1787728910,robusto,0.7014393939982724,1787727710,2,True,0.5897160141258585,5,sintetico
roma,28,83492,71502,1800,1787729510,piu_veloce,0.870987309813298,1787727710,2,True,0.5648807228711572,5,sintetico
roma,28,83492,71502,1800,1787729510,meno_cambi,0.6536850278426739,1787728196,1,False,0.5648807228711572,5,sintetico
roma,28,83492,71502,1800,1787729510,margine_fisso,0.30610658694214077,1787729276,2,False,0.5648807228711572,5,sintetico
roma,28,83492,71502,1800,1787729510,robusto,0.870987309813298,1787727710,2,True,0.5648807228711572,5,sintetico
roma,29,73126,AD3,0,1787724688,piu_veloce,0.05653074710239095,1787724688,0,True,,5,sintetico
roma,29,73126,AD3,0,1787724688,meno_cambi,0.05653074710239095,1787724688,0,True,,5,sintetico
roma,29,73126,AD3,0,1787724688,margine_fisso,0.05653074710239095,1787724688,0,True,,5,sintetico
roma,29,73126,AD3,0,1787724688,robusto,0.05653074710239095,1787724688,0,True,,5,sintetico
roma,29,73126,AD3,300,1787724988,piu_veloce,0.7000294986474402,1787724688,0,True,,5,sintetico
roma,29,73126,AD3,300,1787724988,meno_cambi,0.7000294986474402,1787724688,0,True,,5,sintetico
roma,29,73126,AD3,300,1787724988,margine_fisso,0.7000294986474402,1787724688,0,True,,5,sintetico
roma,29,73126,AD3,300,1787724988,robusto,0.7000294986474402,1787724688,0,True,,5,sintetico
roma,29,73126,AD3,600,1787725288,piu_veloce,0.927545906259979,1787724688,0,True,,5,sintetico
roma,29,73126,AD3,600,1787725288,meno_cambi,0.927545906259979,1787724688,0,True,,5,sintetico
roma,29,73126,AD3,600,1787725288,margine_fisso,0.927545906259979,1787724688,0,True,,5,sintetico
roma,29,73126,AD3,600,1787725288,robusto,0.927545906259979,1787724688,0,True,,5,sintetico
roma,29,73126,AD3,900,1787725588,piu_veloce,0.9793256677788355,1787724688,0,True,,5,sintetico
roma,29,73126,AD3,900,1787725588,meno_cambi,0.9793256677788355,1787724688,0,True,,5,sintetico
roma,29,73126,AD3,900,1787725588,margine_fisso,0.9793256677788355,1787724688,0,True,,5,sintetico
roma,29,73126,AD3,900,1787725588,robusto,0.9793256677788355,1787724688,0,True,,5,sintetico
roma,29,73126,AD3,1200,1787725888,piu_veloce,0.9928692806610755,1787724688,0,True,,5,sintetico
roma,29,73126,AD3,1200,1787725888,meno_cambi,0.9928692806610755,1787724688,0,True,,5,sintetico
roma,29,73126,AD3,1200,1787725888,margine_fisso,0.9928692806610755,1787724688,0,True,,5,sintetico
roma,29,73126,AD3,1200,1787725888,robusto,0.9928692806610755,1787724688,0,True,,5,sintetico
roma,29,73126,AD3,1800,1787726488,piu_veloce,0.999752825585746,1787724688,0,True,0.9096379938830821,5,sintetico
roma,29,73126,AD3,1800,1787726488,meno_cambi,0.999752825585746,1787724688,0,True,0.9096379938830821,5,sintetico
roma,29,73126,AD3,1800,1787726488,margine_fisso,0.999752825585746,1787724688,0,True,0.9096379938830821,5,sintetico
roma,29,73126,AD3,1800,1787726488,robusto,0.999752825585746,1787724688,0,True,0.9096379938830821,5,sintetico
roma,30,73755,82574,0,1787725146,piu_veloce,0.006747315014669763,1787725146,0,False,0.001638637705375521,4,sintetico
roma,30,73755,82574,0,1787725146,meno_cambi,0.006747315014669763,1787725146,0,False,0.001638637705375521,4,sintetico
roma,30,73755,82574,0,1787725146,margine_fisso,0.006747315014669763,1787725146,0,False,0.001638637705375521,4,sintetico
roma,30,73755,82574,0,1787725146,robusto,0.008385952720045284,1787725146,1,True,0.001638637705375521,4,sintetico
roma,30,73755,82574,300,1787725446,piu_veloce,0.8039581402982456,1787725146,0,True,0.6568265233432777,4,sintetico
roma,30,73755,82574,300,1787725446,meno_cambi,0.8039581402982456,1787725146,0,True,0.6568265233432777,4,sintetico
roma,30,73755,82574,300,1787725446,margine_fisso,0.8039581402982456,1787725146,0,True,0.6568265233432777,4,sintetico
roma,30,73755,82574,300,1787725446,robusto,0.8039581402982456,1787725146,0,True,0.6568265233432777,4,sintetico
roma,30,73755,82574,600,1787725746,piu_veloce,0.8686701068695765,1787725146,0,False,0.5578846087333063,4,sintetico
roma,30,73755,82574,600,1787725746,meno_cambi,0.8686701068695765,1787725146,0,False,0.5578846087333063,4,sintetico
roma,30,73755,82574,600,1787725746,margine_fisso,0.8686701068695765,1787725146,0,False,0.5578846087333063,4,sintetico
roma,30,73755,82574,600,1787725746,robusto,0.9164657500154035,1787725260,0,True,0.5578846087333063,4,sintetico
roma,30,73755,82574,900,1787726046,piu_veloce,0.8700076023761266,1787725146,0,False,0.6031059313880865,4,sintetico
roma,30,73755,82574,900,1787726046,meno_cambi,0.8700076023761266,1787725146,0,False,0.6031059313880865,4,sintetico
roma,30,73755,82574,900,1787726046,margine_fisso,0.8700076023761266,1787725146,0,False,0.6031059313880865,4,sintetico
roma,30,73755,82574,900,1787726046,robusto,0.9907762735090303,1787725260,0,True,0.6031059313880865,4,sintetico
roma,30,73755,82574,1200,1787726346,piu_veloce,0.8732610437033763,1787725146,0,False,0.6012327311490682,4,sintetico
roma,30,73755,82574,1200,1787726346,meno_cambi,0.8732610437033763,1787725146,0,False,0.6012327311490682,4,sintetico
roma,30,73755,82574,1200,1787726346,margine_fisso,0.8732610437033763,1787725146,0,False,0.6012327311490682,4,sintetico
roma,30,73755,82574,1200,1787726346,robusto,0.9987106120629649,1787725260,0,True,0.6012327311490682,4,sintetico
roma,30,73755,82574,1800,1787726946,piu_veloce,0.999818345376918,1787725146,0,False,0.4308663595983647,4,sintetico
roma,30,73755,82574,1800,1787726946,meno_cambi,0.999818345376918,1787725146,0,False,0.4308663595983647,4,sintetico
roma,30,73755,82574,1800,1787726946,margine_fisso,0.999818345376918,1787725146,0,False,0.4308663595983647,4,sintetico
roma,30,73755,82574,1800,1787726946,robusto,0.9999896325452773,1787725260,0,True,0.4308663595983647,4,sintetico
roma,31,75644,75317,0,1787730688,piu_veloce,8.962873282756074e-07,1787730688,3,True,,3,sintetico
roma,31,75644,75317,0,1787730688,meno_cambi,3.410359382601828e-07,1787730752,2,False,,3,sintetico
roma,31,75644,75317,0,1787730688,margine_fisso,8.962873282756074e-07,1787730688,3,True,,3,sintetico
roma,31,75644,75317,0,1787730688,robusto,8.962873282756074e-07,1787730688,3,True,,3,sintetico
roma,31,75644,75317,300,1787730988,piu_veloce,0.00032868898073305954,1787730688,3,False,0.0016551797802113217,3,sintetico
roma,31,75644,75317,300,1787730988,meno_cambi,0.001726964857833876,1787730752,2,True,0.0016551797802113217,3,sintetico
roma,31,75644,75317,300,1787730988,margine_fisso,0.00032868898073305954,1787730688,3,False,0.0016551797802113217,3,sintetico
roma,31,75644,75317,300,1787730988,robusto,0.001726964857833876,1787730752,2,True,0.0016551797802113217,3,sintetico
roma,31,75644,75317,600,1787731288,piu_veloce,0.0012957154587238326,1787730688,3,False,0.00754222219707569,3,sintetico
roma,31,75644,75317,600,1787731288,meno_cambi,0.008837937655799523,1787730752,2,True,0.00754222219707569,3,sintetico
roma,31,75644,75317,600,1787731288,margine_fisso,0.0012957154587238326,1787730688,3,False,0.00754222219707569,3,sintetico
roma,31,75644,75317,600,1787731288,robusto,0.008837937655799523,1787730752,2,True,0.00754222219707569,3,sintetico
roma,31,75644,75317,900,1787731588,piu_veloce,0.002100398468221686,1787730688,3,False,0.014240755475453896,3,sintetico
roma,31,75644,75317,900,1787731588,meno_cambi,0.016341153943675583,1787730752,2,True,0.014240755475453896,3,sintetico
roma,31,75644,75317,900,1787731588,margine_fisso,0.002100398468221686,1787730688,3,False,0.014240755475453896,3,sintetico
roma,31,75644,75317,900,1787731588,robusto,0.016341153943675583,1787730752,2,True,0.014240755475453896,3,sintetico
roma,31,75644,75317,1200,1787731888,piu_veloce,0.002743726096551882,1787730688,3,False,0.02066889368843189,3,sintetico
roma,31,75644,75317,1200,1787731888,meno_cambi,0.02341261978498377,1787730752,2,True,0.02066889368843189,3,sintetico
roma,31,75644,75317,1200,1787731888,margine_fisso,0.002743726096551882,1787730688,3,False,0.02066889368843189,3,sintetico
roma,31,75644,75317,1200,1787731888,robusto,0.02341261978498377,1787730752,2,True,0.02066889368843189,3,sintetico
roma,31,75644,75317,1800,1787732488,piu_veloce,0.006596364986702582,1787730688,3,False,0.25229266004104783,3,sintetico
roma,31,75644,75317,1800,1787732488,meno_cambi,0.2588890250277504,1787730752,2,True,0.25229266004104783,3,sintetico
roma,31,75644,75317,1800,1787732488,margine_fisso,0.006596364986702582,1787730688,3,False,0.25229266004104783,3,sintetico
roma,31,75644,75317,1800,1787732488,robusto,0.2588890250277504,1787730752,2,True,0.25229266004104783,3,sintetico
roma,32,74975,73992,0,1787728860,piu_veloce,0.006446091561966422,1787728860,2,True,,3,sintetico
roma,32,74975,73992,0,1787728860,meno_cambi,0.006446091561966422,1787728860,2,True,,3,sintetico
roma,32,74975,73992,0,1787728860,margine_fisso,0.006446091561966422,1787728860,2,True,,3,sintetico
roma,32,74975,73992,0,1787728860,robusto,0.006446091561966422,1787728860,2,True,,3,sintetico
roma,32,74975,73992,300,1787729160,piu_veloce,0.15344572657311595,1787728860,2,True,0.14910220612278957,3,sintetico
roma,32,74975,73992,300,1787729160,meno_cambi,0.15344572657311595,1787728860,2,True,0.14910220612278957,3,sintetico
roma,32,74975,73992,300,1787729160,margine_fisso,0.15344572657311595,1787728860,2,True,0.14910220612278957,3,sintetico
roma,32,74975,73992,300,1787729160,robusto,0.15344572657311595,1787728860,2,True,0.14910220612278957,3,sintetico
roma,32,74975,73992,600,1787729460,piu_veloce,0.308117027768164,1787728860,2,True,0.22192469427152606,3,sintetico
roma,32,74975,73992,600,1787729460,meno_cambi,0.308117027768164,1787728860,2,True,0.22192469427152606,3,sintetico
roma,32,74975,73992,600,1787729460,margine_fisso,0.308117027768164,1787728860,2,True,0.22192469427152606,3,sintetico
roma,32,74975,73992,600,1787729460,robusto,0.308117027768164,1787728860,2,True,0.22192469427152606,3,sintetico
roma,32,74975,73992,900,1787729760,piu_veloce,0.5667602041826434,1787728860,2,True,0.36621629509660675,3,sintetico
roma,32,74975,73992,900,1787729760,meno_cambi,0.5667602041826434,1787728860,2,True,0.36621629509660675,3,sintetico
roma,32,74975,73992,900,1787729760,margine_fisso,0.5667602041826434,1787728860,2,True,0.36621629509660675,3,sintetico
roma,32,74975,73992,900,1787729760,robusto,0.5667602041826434,1787728860,2,True,0.36621629509660675,3,sintetico
roma,32,74975,73992,1200,1787730060,piu_veloce,0.7282654221767162,1787728860,2,True,0.43661758143731133,3,sintetico
roma,32,74975,73992,1200,1787730060,meno_cambi,0.7282654221767162,1787728860,2,True,0.43661758143731133,3,sintetico
roma,32,74975,73992,1200,1787730060,margine_fisso,0.7282654221767162,1787728860,2,True,0.43661758143731133,3,sintetico
roma,32,74975,73992,1200,1787730060,robusto,0.7282654221767162,1787728860,2,True,0.43661758143731133,3,sintetico
roma,32,74975,73992,1800,1787730660,piu_veloce,0.9101435437705064,1787728860,2,True,0.21491711244970158,3,sintetico
roma,32,74975,73992,1800,1787730660,meno_cambi,0.9101435437705064,1787728860,2,True,0.21491711244970158,3,sintetico
roma,32,74975,73992,1800,1787730660,margine_fisso,0.9101435437705064,1787728860,2,True,0.21491711244970158,3,sintetico
roma,32,74975,73992,1800,1787730660,robusto,0.9101435437705064,1787728860,2,True,0.21491711244970158,3,sintetico
roma,33,79966,71820,0,1787726006,piu_veloce,0.0350592205503186,1787726006,1,True,,9,sintetico
roma,33,79966,71820,0,1787726006,meno_cambi,0.0350592205503186,1787726006,1,True,,9,sintetico
roma,33,79966,71820,0,1787726006,margine_fisso,0.0,1787726546,2,False,,9,sintetico
roma,33,79966,71820,0,1787726006,robusto,0.0350592205503186,1787726006,1,True,,9,sintetico
roma,33,79966,71820,300,1787726306,piu_veloce,0.43432269110084043,1787726006,1,True,,9,sintetico
roma,33,79966,71820,300,1787726306,meno_cambi,0.43432269110084043,1787726006,1,True,,9,sintetico
roma,33,79966,71820,300,1787726306,margine_fisso,0.0,1787726546,2,False,,9,sintetico
roma,33,79966,71820,300,1787726306,robusto,0.43432269110084043,1787726006,1,True,,9,sintetico
roma,33,79966,71820,600,1787726606,piu_veloce,0.6987535011077239,1787726006,1,True,0.2916567347324413,9,sintetico
roma,33,79966,71820,600,1787726606,meno_cambi,0.6987535011077239,1787726006,1,True,0.2916567347324413,9,sintetico
roma,33,79966,71820,600,1787726606,margine_fisso,0.40709676637528264,1787726546,2,False,0.2916567347324413,9,sintetico
roma,33,79966,71820,600,1787726606,robusto,0.6987535011077239,1787726006,1,True,0.2916567347324413,9,sintetico
roma,33,79966,71820,900,1787726906,piu_veloce,0.9603410189943066,1787726006,1,True,0.05755403717295893,9,sintetico
roma,33,79966,71820,900,1787726906,meno_cambi,0.9603410189943066,1787726006,1,True,0.05755403717295893,9,sintetico
roma,33,79966,71820,900,1787726906,margine_fisso,0.9027869818213476,1787726546,2,False,0.05755403717295893,9,sintetico
roma,33,79966,71820,900,1787726906,robusto,0.9603410189943066,1787726006,1,True,0.05755403717295893,9,sintetico
roma,33,79966,71820,1200,1787727206,piu_veloce,0.9647308300303488,1787726006,1,True,0.01771127497029157,9,sintetico
roma,33,79966,71820,1200,1787727206,meno_cambi,0.9647308300303488,1787726006,1,True,0.01771127497029157,9,sintetico
roma,33,79966,71820,1200,1787727206,margine_fisso,0.9470195550600572,1787726546,2,False,0.01771127497029157,9,sintetico
roma,33,79966,71820,1200,1787727206,robusto,0.9647308300303488,1787726006,1,True,0.01771127497029157,9,sintetico
roma,33,79966,71820,1800,1787727806,piu_veloce,0.9649179422787195,1787726006,1,False,0.014342165422056685,9,sintetico
roma,33,79966,71820,1800,1787727806,meno_cambi,0.9649179422787195,1787726006,1,False,0.014342165422056685,9,sintetico
roma,33,79966,71820,1800,1787727806,margine_fisso,0.9792601077007762,1787726546,2,True,0.014342165422056685,9,sintetico
roma,33,79966,71820,1800,1787727806,robusto,0.9792601077007762,1787726546,2,True,0.014342165422056685,9,sintetico
roma,34,79314,72781,0,1787727474,piu_veloce,0.0020749622788188006,1787727474,2,True,,11,sintetico
roma,34,79314,72781,0,1787727474,meno_cambi,0.0,1787728260,1,False,,11,sintetico
roma,34,79314,72781,0,1787727474,margine_fisso,0.0,1787728556,1,False,,11,sintetico
roma,34,79314,72781,0,1787727474,robusto,0.0020749622788188006,1787727474,2,True,,11,sintetico
roma,34,79314,72781,300,1787727774,piu_veloce,0.11986790123142338,1787727474,2,True,0.10715858476212643,11,sintetico
roma,34,79314,72781,300,1787727774,meno_cambi,0.0,1787728260,1,False,0.10715858476212643,11,sintetico
roma,34,79314,72781,300,1787727774,margine_fisso,0.0,1787728556,1,False,0.10715858476212643,11,sintetico
roma,34,79314,72781,300,1787727774,robusto,0.11986790123142338,1787727474,2,True,0.10715858476212643,11,sintetico
roma,34,79314,72781,600,1787728074,piu_veloce,0.24061996459792742,1787727474,2,False,0.26136266594802654,11,sintetico
roma,34,79314,72781,600,1787728074,meno_cambi,0.0,1787728260,1,False,0.26136266594802654,11,sintetico
roma,34,79314,72781,600,1787728074,margine_fisso,0.0,1787728556,1,False,0.26136266594802654,11,sintetico
roma,34,79314,72781,600,1787728074,robusto,0.30711774162339134,1787727830,3,True,0.26136266594802654,11,sintetico
roma,34,79314,72781,900,1787728374,piu_veloce,0.2928346614255036,1787727474,2,False,0.35719512389866237,11,sintetico
roma,34,79314,72781,900,1787728374,meno_cambi,0.09474857627133244,1787728260,1,False,0.35719512389866237,11,sintetico
roma,34,79314,72781,900,1787728374,margine_fisso,0.0,1787728556,1,False,0.35719512389866237,11,sintetico
roma,34,79314,72781,900,1787728374,robusto,0.41840491039224204,1787727830,3,True,0.35719512389866237,11,sintetico
roma,34,79314,72781,1200,1787728674,piu_veloce,0.3101374813904164,1787727474,2,False,0.42548368595139174,11,sintetico
roma,34,79314,72781,1200,1787728674,meno_cambi,0.25657186524290554,1787728260,1,False,0.42548368595139174,11,sintetico
roma,34,79314,72781,1200,1787728674,margine_fisso,0.4337833396178566,1787728556,1,False,0.42548368595139174,11,sintetico
roma,34,79314,72781,1200,1787728674,robusto,0.4469224053281988,1787727830,3,True,0.42548368595139174,11,sintetico
roma,34,79314,72781,1800,1787729274,piu_veloce,0.6478162596632342,1787727474,2,False,0.908158683636906,11,sintetico
roma,34,79314,72781,1800,1787729274,meno_cambi,0.8946406988517034,1787728260,1,False,0.908158683636906,11,sintetico
roma,34,79314,72781,1800,1787729274,margine_fisso,0.9202475262105896,1787728556,1,True,0.908158683636906,11,sintetico
roma,34,79314,72781,1800,1787729274,robusto,0.9202475262105896,1787728556,1,True,0.908158683636906,11,sintetico
roma,35,82614,71755,0,1787730190,piu_veloce,0.011146510435840957,1787730190,3,True,,2,sintetico
roma,35,82614,71755,0,1787730190,meno_cambi,0.011146510435840957,1787730190,3,True,,2,sintetico
roma,35,82614,71755,0,1787730190,margine_fisso,0.011146510435840957,1787730190,3,True,,2,sintetico
roma,35,82614,71755,0,1787730190,robusto,0.011146510435840957,1787730190,3,True,,2,sintetico
roma,35,82614,71755,300,1787730490,piu_veloce,0.2198623131067185,1787730190,3,True,0.21346443127859552,2,sintetico
roma,35,82614,71755,300,1787730490,meno_cambi,0.2198623131067185,1787730190,3,True,0.21346443127859552,2,sintetico
roma,35,82614,71755,300,1787730490,margine_fisso,0.2198623131067185,1787730190,3,True,0.21346443127859552,2,sintetico
roma,35,82614,71755,300,1787730490,robusto,0.2198623131067185,1787730190,3,True,0.21346443127859552,2,sintetico
roma,35,82614,71755,600,1787730790,piu_veloce,0.4717644119963269,1787730190,3,True,0.3925395949152022,2,sintetico
roma,35,82614,71755,600,1787730790,meno_cambi,0.4717644119963269,1787730190,3,True,0.3925395949152022,2,sintetico
roma,35,82614,71755,600,1787730790,margine_fisso,0.4717644119963269,1787730190,3,True,0.3925395949152022,2,sintetico
roma,35,82614,71755,600,1787730790,robusto,0.4717644119963269,1787730190,3,True,0.3925395949152022,2,sintetico
roma,35,82614,71755,900,1787731090,piu_veloce,0.6496712333524914,1787730190,3,True,0.4712262019755833,2,sintetico
roma,35,82614,71755,900,1787731090,meno_cambi,0.6496712333524914,1787730190,3,True,0.4712262019755833,2,sintetico
roma,35,82614,71755,900,1787731090,margine_fisso,0.6496712333524914,1787730190,3,True,0.4712262019755833,2,sintetico
roma,35,82614,71755,900,1787731090,robusto,0.6496712333524914,1787730190,3,True,0.4712262019755833,2,sintetico
roma,35,82614,71755,1200,1787731390,piu_veloce,0.76381771802082,1787730190,3,True,0.5092044485947425,2,sintetico
roma,35,82614,71755,1200,1787731390,meno_cambi,0.76381771802082,1787730190,3,True,0.5092044485947425,2,sintetico
roma,35,82614,71755,1200,1787731390,margine_fisso,0.76381771802082,1787730190,3,True,0.5092044485947425,2,sintetico
roma,35,82614,71755,1200,1787731390,robusto,0.76381771802082,1787730190,3,True,0.5092044485947425,2,sintetico
roma,35,82614,71755,1800,1787731990,piu_veloce,0.9972804117947427,1787730190,3,True,0.6334752778113947,2,sintetico
roma,35,82614,71755,1800,1787731990,meno_cambi,0.9972804117947427,1787730190,3,True,0.6334752778113947,2,sintetico
roma,35,82614,71755,1800,1787731990,margine_fisso,0.9972804117947427,1787730190,3,True,0.6334752778113947,2,sintetico
roma,35,82614,71755,1800,1787731990,robusto,0.9972804117947427,1787730190,3,True,0.6334752778113947,2,sintetico
roma,36,74598,71729,0,1787729720,piu_veloce,0.022402558645461167,1787729720,2,True,0.016168394275896714,2,sintetico
roma,36,74598,71729,0,1787729720,meno_cambi,0.022402558645461167,1787729720,2,True,0.016168394275896714,2,sintetico
roma,36,74598,71729,0,1787729720,margine_fisso,0.022402558645461167,1787729720,2,True,0.016168394275896714,2,sintetico
roma,36,74598,71729,0,1787729720,robusto,0.022402558645461167,1787729720,2,True,0.016168394275896714,2,sintetico
roma,36,74598,71729,300,1787730020,piu_veloce,0.3272872152303007,1787729720,2,True,0.22190596402316487,2,sintetico
roma,36,74598,71729,300,1787730020,meno_cambi,0.3272872152303007,1787729720,2,True,0.22190596402316487,2,sintetico
roma,36,74598,71729,300,1787730020,margine_fisso,0.3272872152303007,1787729720,2,True,0.22190596402316487,2,sintetico
roma,36,74598,71729,300,1787730020,robusto,0.3272872152303007,1787729720,2,True,0.22190596402316487,2,sintetico
roma,36,74598,71729,600,1787730320,piu_veloce,0.5997487976438867,1787729720,2,True,0.3711974683210553,2,sintetico
roma,36,74598,71729,600,1787730320,meno_cambi,0.5997487976438867,1787729720,2,True,0.3711974683210553,2,sintetico
roma,36,74598,71729,600,1787730320,margine_fisso,0.5997487976438867,1787729720,2,True,0.3711974683210553,2,sintetico
roma,36,74598,71729,600,1787730320,robusto,0.5997487976438867,1787729720,2,True,0.3711974683210553,2,sintetico
roma,36,74598,71729,900,1787730620,piu_veloce,0.751990207937731,1787729720,2,True,0.43427612177989555,2,sintetico
roma,36,74598,71729,900,1787730620,meno_cambi,0.751990207937731,1787729720,2,True,0.43427612177989555,2,sintetico
roma,36,74598,71729,900,1787730620,margine_fisso,0.751990207937731,1787729720,2,True,0.43427612177989555,2,sintetico
roma,36,74598,71729,900,1787730620,robusto,0.751990207937731,1787729720,2,True,0.43427612177989555,2,sintetico
roma,36,74598,71729,1200,1787730920,piu_veloce,0.8435955646087292,1787729720,2,True,0.37252078331019106,2,sintetico
roma,36,74598,71729,1200,1787730920,meno_cambi,0.8435955646087292,1787729720,2,True,0.37252078331019106,2,sintetico
roma,36,74598,71729,1200,1787730920,margine_fisso,0.8435955646087292,1787729720,2,True,0.37252078331019106,2,sintetico
roma,36,74598,71729,1200,1787730920,robusto,0.8435955646087292,1787729720,2,True,0.37252078331019106,2,sintetico
roma,36,74598,71729,1800,1787731520,piu_veloce,0.9873407592547125,1787729720,2,True,0.1575105763243415,2,sintetico
roma,36,74598,71729,1800,1787731520,meno_cambi,0.9873407592547125,1787729720,2,True,0.1575105763243415,2,sintetico
roma,36,74598,71729,1800,1787731520,margine_fisso,0.9873407592547125,1787729720,2,True,0.1575105763243415,2,sintetico
roma,36,74598,71729,1800,1787731520,robusto,0.9873407592547125,1787729720,2,True,0.1575105763243415,2,sintetico
roma,37,72614,74855,0,1787727698,piu_veloce,0.03038964744817387,1787727698,2,True,0.008458797828690086,10,sintetico
roma,37,72614,74855,0,1787727698,meno_cambi,0.0,1787729940,1,False,0.008458797828690086,10,sintetico
roma,37,72614,74855,0,1787727698,margine_fisso,0.0,1787730742,2,False,0.008458797828690086,10,sintetico
roma,37,72614,74855,0,1787727698,robusto,0.03038964744817387,1787727698,2,True,0.008458797828690086,10,sintetico
roma,37,72614,74855,300,1787727998,piu_veloce,0.4162334298532632,1787727698,2,True,0.11521266483271525,10,sintetico
roma,37,72614,74855,300,1787727998,meno_cambi,0.0,1787729940,1,False,0.11521266483271525,10,sintetico
roma,37,72614,74855,300,1787727998,margine_fisso,0.0,1787730742,2,False,0.11521266483271525,10,sintetico
roma,37,72614,74855,300,1787727998,robusto,0.4162334298532632,1787727698,2,True,0.11521266483271525,10,sintetico
roma,37,72614,74855,600,1787728298,piu_veloce,0.6203243655198484,1787727698,2,True,0.1680194349430562,10,sintetico
roma,37,72614,74855,600,1787728298,meno_cambi,0.0,1787729940,1,False,0.1680194349430562,10,sintetico
roma,37,72614,74855,600,1787728298,margine_fisso,0.0,1787730742,2,False,0.1680194349430562,10,sintetico
roma,37,72614,74855,600,1787728298,robusto,0.6203243655198484,1787727698,2,True,0.1680194349430562,10,sintetico
roma,37,72614,74855,900,1787728598,piu_veloce,0.6906968483767507,1787727698,2,True,0.6810612274027548,10,sintetico
roma,37,72614,74855,900,1787728598,meno_cambi,0.0,1787729940,1,False,0.6810612274027548,10,sintetico
roma,37,72614,74855,900,1787728598,margine_fisso,0.0,1787730742,2,False,0.6810612274027548,10,sintetico
roma,37,72614,74855,900,1787728598,robusto,0.6906968483767507,1787727698,2,True,0.6810612274027548,10,sintetico
roma,37,72614,74855,1200,1787728898,piu_veloce,0.716525004365099,1787727698,2,True,0.6674269203122929,10,sintetico
roma,37,72614,74855,1200,1787728898,meno_cambi,0.0,1787729940,1,False,0.6674269203122929,10,sintetico
roma,37,72614,74855,1200,1787728898,margine_fisso,0.0,1787730742,2,False,0.6674269203122929,10,sintetico
roma,37,72614,74855,1200,1787728898,robusto,0.716525004365099,1787727698,2,True,0.6674269203122929,10,sintetico
roma,37,72614,74855,1800,1787729498,piu_veloce,0.9117683198434433,1787727698,2,True,0.9107046342097171,10,sintetico
roma,37,72614,74855,1800,1787729498,meno_cambi,0.0,1787729940,1,False,0.9107046342097171,10,sintetico
roma,37,72614,74855,1800,1787729498,margine_fisso,0.0,1787730742,2,False,0.9107046342097171,10,sintetico
roma,37,72614,74855,1800,1787729498,robusto,0.9117683198434433,1787727698,2,True,0.9107046342097171,10,sintetico
roma,38,80494,74447,0,1787730132,piu_veloce,0.0033292202212386966,1787730132,2,True,0.002020762445962476,3,sintetico
roma,38,80494,74447,0,1787730132,meno_cambi,0.0033292202212386966,1787730132,2,True,0.002020762445962476,3,sintetico
roma,38,80494,74447,0,1787730132,margine_fisso,0.0033292202212386966,1787730132,2,True,0.002020762445962476,3,sintetico
roma,38,80494,74447,0,1787730132,robusto,0.0033292202212386966,1787730132,2,True,0.002020762445962476,3,sintetico
roma,38,80494,74447,300,1787730432,piu_veloce,0.11216308450807082,1787730132,2,True,0.1010412607962163,3,sintetico
roma,38,80494,74447,300,1787730432,meno_cambi,0.11216308450807082,1787730132,2,True,0.1010412607962163,3,sintetico
roma,38,80494,74447,300,1787730432,margine_fisso,0.11216308450807082,1787730132,2,True,0.1010412607962163,3,sintetico
roma,38,80494,74447,300,1787730432,robusto,0.11216308450807082,1787730132,2,True,0.1010412607962163,3,sintetico
roma,38,80494,74447,600,1787730732,piu_veloce,0.21774492148771954,1787730132,2,True,0.17683712135306406,3,sintetico
roma,38,80494,74447,600,1787730732,meno_cambi,0.21774492148771954,1787730132,2,True,0.17683712135306406,3,sintetico
roma,38,80494,74447,600,1787730732,margine_fisso,0.21774492148771954,1787730132,2,True,0.17683712135306406,3,sintetico
roma,38,80494,74447,600,1787730732,robusto,0.21774492148771954,1787730132,2,True,0.17683712135306406,3,sintetico
roma,38,80494,74447,900,1787731032,piu_veloce,0.2671003725889716,1787730132,2,True,0.21628199173463628,3,sintetico
roma,38,80494,74447,900,1787731032,meno_cambi,0.2671003725889716,1787730132,2,True,0.21628199173463628,3,sintetico
roma,38,80494,74447,900,1787731032,margine_fisso,0.2671003725889716,1787730132,2,True,0.21628199173463628,3,sintetico
roma,38,80494,74447,900,1787731032,robusto,0.2671003725889716,1787730132,2,True,0.21628199173463628,3,sintetico
roma,38,80494,74447,1200,1787731332,piu_veloce,0.28829207041185145,1787730132,2,True,0.23496085627107255,3,sintetico
roma,38,80494,74447,1200,1787731332,meno_cambi,0.28829207041185145,1787730132,2,True,0.23496085627107255,3,sintetico
roma,38,80494,74447,1200,1787731332,margine_fisso,0.28829207041185145,1787730132,2,True,0.23496085627107255,3,sintetico
roma,38,80494,74447,1200,1787731332,robusto,0.28829207041185145,1787730132,2,True,0.23496085627107255,3,sintetico
roma,38,80494,74447,1800,1787731932,piu_veloce,0.5911420350147449,1787730132,2,True,0.3016232844389694,3,sintetico
roma,38,80494,74447,1800,1787731932,meno_cambi,0.5911420350147449,1787730132,2,True,0.3016232844389694,3,sintetico
roma,38,80494,74447,1800,1787731932,margine_fisso,0.5911420350147449,1787730132,2,True,0.3016232844389694,3,sintetico
roma,38,80494,74447,1800,1787731932,robusto,0.5911420350147449,1787730132,2,True,0.3016232844389694,3,sintetico
roma,39,73806,75175,0,1787728174,piu_veloce,0.00017724778645299326,1787728174,3,True,,8,sintetico
roma,39,73806,75175,0,1787728174,meno_cambi,0.0,1787729442,2,False,,8,sintetico
roma,39,73806,75175,0,1787728174,margine_fisso,0.0,1787730446,2,False,,8,sintetico
roma,39,73806,75175,0,1787728174,robusto,0.00017724778645299326,1787728174,3,True,,8,sintetico
roma,39,73806,75175,300,1787728474,piu_veloce,0.004917002401099874,1787728174,3,True,,8,sintetico
roma,39,73806,75175,300,1787728474,meno_cambi,0.0,1787729442,2,False,,8,sintetico
roma,39,73806,75175,300,1787728474,margine_fisso,0.0,1787730446,2,False,,8,sintetico
roma,39,73806,75175,300,1787728474,robusto,0.004917002401099874,1787728174,3,True,,8,sintetico
roma,39,73806,75175,600,1787728774,piu_veloce,0.006635252961218409,1787728174,3,True,,8,sintetico
roma,39,73806,75175,600,1787728774,meno_cambi,0.0,1787729442,2,False,,8,sintetico
roma,39,73806,75175,600,1787728774,margine_fisso,0.0,1787730446,2,False,,8,sintetico
roma,39,73806,75175,600,1787728774,robusto,0.006635252961218409,1787728174,3,True,,8,sintetico
roma,39,73806,75175,900,1787729074,piu_veloce,0.007199464015691999,1787728174,3,True,,8,sintetico
roma,39,73806,75175,900,1787729074,meno_cambi,0.0,1787729442,2,False,,8,sintetico
roma,39,73806,75175,900,1787729074,margine_fisso,0.0,1787730446,2,False,,8,sintetico
roma,39,73806,75175,900,1787729074,robusto,0.007199464015691999,1787728174,3,True,,8,sintetico
roma,39,73806,75175,1200,1787729374,piu_veloce,0.009517077259924102,1787728174,3,False,0.06917341862181212,8,sintetico
roma,39,73806,75175,1200,1787729374,meno_cambi,9.440428205253256e-06,1787729442,2,False,0.06917341862181212,8,sintetico
roma,39,73806,75175,1200,1787729374,margine_fisso,0.0,1787730446,2,False,0.06917341862181212,8,sintetico
roma,39,73806,75175,1200,1787729374,robusto,0.07869049588173621,1787729208,3,True,0.06917341862181212,8,sintetico
roma,39,73806,75175,1800,1787729974,piu_veloce,0.678229840320466,1787728174,3,False,0.6015927816978757,8,sintetico
roma,39,73806,75175,1800,1787729974,meno_cambi,0.08758850655829087,1787729442,2,False,0.6015927816978757,8,sintetico
roma,39,73806,75175,1800,1787729974,margine_fisso,0.0,1787730446,2,False,0.6015927816978757,8,sintetico
roma,39,73806,75175,1800,1787729974,robusto,0.6891812882561665,1787729442,3,True,0.6015927816978757,8,sintetico
roma,40,74912,71075,0,1787727132,piu_veloce,0.0003897404444506877,1787727132,2,True,,13,sintetico
roma,40,74912,71075,0,1787727132,meno_cambi,0.0,1787727612,1,False,,13,sintetico
roma,40,74912,71075,0,1787727132,margine_fisso,0.0,1787728082,1,False,,13,sintetico
roma,40,74912,71075,0,1787727132,robusto,0.0003897404444506877,1787727132,2,True,,13,sintetico
roma,40,74912,71075,300,1787727432,piu_veloce,0.04741166175595414,1787727132,2,True,,13,sintetico
roma,40,74912,71075,300,1787727432,meno_cambi,0.0,1787727612,1,False,,13,sintetico
roma,40,74912,71075,300,1787727432,margine_fisso,0.0,1787728082,1,False,,13,sintetico
roma,40,74912,71075,300,1787727432,robusto,0.04741166175595414,1787727132,2,True,,13,sintetico
roma,40,74912,71075,600,1787727732,piu_veloce,0.18621051753102197,1787727132,2,True,0.15668830946194753,13,sintetico
roma,40,74912,71075,600,1787727732,meno_cambi,0.04065307483893418,1787727612,1,False,0.15668830946194753,13,sintetico
roma,40,74912,71075,600,1787727732,margine_fisso,0.0,1787728082,1,False,0.15668830946194753,13,sintetico
roma,40,74912,71075,600,1787727732,robusto,0.18621051753102197,1787727132,2,True,0.15668830946194753,13,sintetico
roma,40,74912,71075,900,1787728032,piu_veloce,0.42043740841954264,1787727132,2,True,0.26071107385481673,13,sintetico
roma,40,74912,71075,900,1787728032,meno_cambi,0.22181058376081875,1787727612,1,False,0.26071107385481673,13,sintetico
roma,40,74912,71075,900,1787728032,margine_fisso,0.005347056933378922,1787728082,1,False,0.26071107385481673,13,sintetico
roma,40,74912,71075,900,1787728032,robusto,0.42043740841954264,1787727132,2,True,0.26071107385481673,13,sintetico
roma,40,74912,71075,1200,1787728332,piu_veloce,0.6169046034647774,1787727132,2,True,0.23111593543482856,13,sintetico
roma,40,74912,71075,1200,1787728332,meno_cambi,0.4717720825455863,1787727612,1,False,0.23111593543482856,13,sintetico
roma,40,74912,71075,1200,1787728332,margine_fisso,0.43653726086013095,1787728082,1,False,0.23111593543482856,13,sintetico
roma,40,74912,71075,1200,1787728332,robusto,0.6169046034647774,1787727132,2,True,0.23111593543482856,13,sintetico
roma,40,74912,71075,1800,1787728932,piu_veloce,0.8268223879273482,1787727132,2,False,0.45514850157895403,13,sintetico
roma,40,74912,71075,1800,1787728932,meno_cambi,0.8211188830493718,1787727612,1,False,0.45514850157895403,13,sintetico
roma,40,74912,71075,1800,1787728932,margine_fisso,0.8939374950824643,1787728082,1,True,0.45514850157895403,13,sintetico
roma,40,74912,71075,1800,1787728932,robusto,0.8939374950824643,1787728082,1,True,0.45514850157895403,13,sintetico
torino,1,3176,3492,0,1787727413,piu_veloce,0.05887863870619424,1787727413,0,True,0.05865899966854592,4,sintetico
torino,1,3176,3492,0,1787727413,meno_cambi,0.05887863870619424,1787727413,0,True,0.05865899966854592,4,sintetico
torino,1,3176,3492,0,1787727413,margine_fisso,0.05887863870619424,1787727413,0,True,0.05865899966854592,4,sintetico
torino,1,3176,3492,0,1787727413,robusto,0.05887863870619424,1787727413,0,True,0.05865899966854592,4,sintetico
torino,1,3176,3492,300,1787727713,piu_veloce,0.9592135185575505,1787727413,0,True,0.9000549671708524,4,sintetico
torino,1,3176,3492,300,1787727713,meno_cambi,0.9592135185575505,1787727413,0,True,0.9000549671708524,4,sintetico
torino,1,3176,3492,300,1787727713,margine_fisso,0.9592135185575505,1787727413,0,True,0.9000549671708524,4,sintetico
torino,1,3176,3492,300,1787727713,robusto,0.9592135185575505,1787727413,0,True,0.9000549671708524,4,sintetico
torino,1,3176,3492,600,1787728013,piu_veloce,0.9993763611943745,1787727413,0,True,0.9180688134089647,4,sintetico
torino,1,3176,3492,600,1787728013,meno_cambi,0.9993763611943745,1787727413,0,True,0.9180688134089647,4,sintetico
torino,1,3176,3492,600,1787728013,margine_fisso,0.9993763611943745,1787727413,0,True,0.9180688134089647,4,sintetico
torino,1,3176,3492,600,1787728013,robusto,0.9993763611943745,1787727413,0,True,0.9180688134089647,4,sintetico
torino,1,3176,3492,900,1787728313,piu_veloce,0.9999846783247841,1787727413,0,True,0.8494104598276965,4,sintetico
torino,1,3176,3492,900,1787728313,meno_cambi,0.9999846783247841,1787727413,0,True,0.8494104598276965,4,sintetico
torino,1,3176,3492,900,1787728313,margine_fisso,0.9999846783247841,1787727413,0,True,0.8494104598276965,4,sintetico
torino,1,3176,3492,900,1787728313,robusto,0.9999846783247841,1787727413,0,True,0.8494104598276965,4,sintetico
torino,1,3176,3492,1200,1787728613,piu_veloce,0.9999993429933931,1787727413,0,True,0.6026339082265348,4,sintetico
torino,1,3176,3492,1200,1787728613,meno_cambi,0.9999993429933931,1787727413,0,True,0.6026339082265348,4,sintetico
torino,1,3176,3492,1200,1787728613,margine_fisso,0.9999993429933931,1787727413,0,True,0.6026339082265348,4,sintetico
torino,1,3176,3492,1200,1787728613,robusto,0.9999993429933931,1787727413,0,True,0.6026339082265348,4,sintetico
torino,1,3176,3492,1800,1787729213,piu_veloce,0.9999999982791088,1787727413,0,True,0.35754591067174,4,sintetico
torino,1,3176,3492,1800,1787729213,meno_cambi,0.9999999982791088,1787727413,0,True,0.35754591067174,4,sintetico
torino,1,3176,3492,1800,1787729213,margine_fisso,0.9999999982791088,1787727413,0,True,0.35754591067174,4,sintetico
torino,1,3176,3492,1800,1787729213,robusto,0.9999999982791088,1787727413,0,True,0.35754591067174,4,sintetico
torino,2,3818,1182,0,1787727723,piu_veloce,0.00013642280390899084,1787727723,2,True,,6,sintetico
torino,2,3818,1182,0,1787727723,meno_cambi,0.0,1787728683,1,False,,6,sintetico
torino,2,3818,1182,0,1787727723,margine_fisso,0.0,1787730481,1,False,,6,sintetico
torino,2,3818,1182,0,1787727723,robusto,0.00013642280390899084,1787727723,2,True,,6,sintetico
torino,2,3818,1182,300,1787728023,piu_veloce,0.09286250611621025,1787727723,2,True,,6,sintetico
torino,2,3818,1182,300,1787728023,meno_cambi,0.0,1787728683,1,False,,6,sintetico
torino,2,3818,1182,300,1787728023,margine_fisso,0.0,1787730481,1,False,,6,sintetico
torino,2,3818,1182,300,1787728023,robusto,0.09286250611621025,1787727723,2,True,,6,sintetico
torino,2,3818,1182,600,1787728323,piu_veloce,0.2778261597996004,1787727723,2,True,0.08012538071404626,6,sintetico
torino,2,3818,1182,600,1787728323,meno_cambi,0.0,1787728683,1,False,0.08012538071404626,6,sintetico
torino,2,3818,1182,600,1787728323,margine_fisso,0.0,1787730481,1,False,0.08012538071404626,6,sintetico
torino,2,3818,1182,600,1787728323,robusto,0.2778261597996004,1787727723,2,True,0.08012538071404626,6,sintetico
torino,2,3818,1182,900,1787728623,piu_veloce,0.3604968882695571,1787727723,2,True,0.15037904285005554,6,sintetico
torino,2,3818,1182,900,1787728623,meno_cambi,5.413819793447754e-05,1787728683,1,False,0.15037904285005554,6,sintetico
torino,2,3818,1182,900,1787728623,margine_fisso,0.0,1787730481,1,False,0.15037904285005554,6,sintetico
torino,2,3818,1182,900,1787728623,robusto,0.3604968882695571,1787727723,2,True,0.15037904285005554,6,sintetico
torino,2,3818,1182,1200,1787728923,piu_veloce,0.48563206734180026,1787727723,2,True,0.3847150851741721,6,sintetico
torino,2,3818,1182,1200,1787728923,meno_cambi,0.10091698216762816,1787728683,1,False,0.3847150851741721,6,sintetico
torino,2,3818,1182,1200,1787728923,margine_fisso,0.0,1787730481,1,False,0.3847150851741721,6,sintetico
torino,2,3818,1182,1200,1787728923,robusto,0.48563206734180026,1787727723,2,True,0.3847150851741721,6,sintetico
torino,2,3818,1182,1800,1787729523,piu_veloce,0.8275423420305714,1787727723,2,True,0.6167496640797394,6,sintetico
torino,2,3818,1182,1800,1787729523,meno_cambi,0.46539638800649635,1787728683,1,False,0.6167496640797394,6,sintetico
torino,2,3818,1182,1800,1787729523,margine_fisso,0.0,1787730481,1,False,0.6167496640797394,6,sintetico
torino,2,3818,1182,1800,1787729523,robusto,0.8275423420305714,1787727723,2,True,0.6167496640797394,6,sintetico
torino,3,923,1341,0,1787728167,piu_veloce,0.031532676815613704,1787728167,2,True,,4,sintetico
torino,3,923,1341,0,1787728167,meno_cambi,0.031532676815613704,1787728167,2,True,,4,sintetico
torino,3,923,1341,0,1787728167,margine_fisso,0.0,1787729918,2,False,,4,sintetico
torino,3,923,1341,0,1787728167,robusto,0.031532676815613704,1787728167,2,True,,4,sintetico
torino,3,923,1341,300,1787728467,piu_veloce,0.2818216546212852,1787728167,2,True,,4,sintetico
torino,3,923,1341,300,1787728467,meno_cambi,0.2818216546212852,1787728167,2,True,,4,sintetico
torino,3,923,1341,300,1787728467,margine_fisso,0.0,1787729918,2,False,,4,sintetico
torino,3,923,1341,300,1787728467,robusto,0.2818216546212852,1787728167,2,True,,4,sintetico
torino,3,923,1341,600,1787728767,piu_veloce,0.40031641561105025,1787728167,2,True,0.25125046501943316,4,sintetico
torino,3,923,1341,600,1787728767,meno_cambi,0.40031641561105025,1787728167,2,True,0.25125046501943316,4,sintetico
torino,3,923,1341,600,1787728767,margine_fisso,0.0,1787729918,2,False,0.25125046501943316,4,sintetico
torino,3,923,1341,600,1787728767,robusto,0.40031641561105025,1787728167,2,True,0.25125046501943316,4,sintetico
torino,3,923,1341,900,1787729067,piu_veloce,0.7006866771952627,1787728167,2,True,0.020480770870574982,4,sintetico
torino,3,923,1341,900,1787729067,meno_cambi,0.7006866771952627,1787728167,2,True,0.020480770870574982,4,sintetico
torino,3,923,1341,900,1787729067,margine_fisso,0.0,1787729918,2,False,0.020480770870574982,4,sintetico
torino,3,923,1341,900,1787729067,robusto,0.7006866771952627,1787728167,2,True,0.020480770870574982,4,sintetico
torino,3,923,1341,1200,1787729367,piu_veloce,0.7798178664043505,1787728167,2,False,0.026408385144363722,4,sintetico
torino,3,923,1341,1200,1787729367,meno_cambi,0.7798178664043505,1787728167,2,False,0.026408385144363722,4,sintetico
torino,3,923,1341,1200,1787729367,margine_fisso,0.0,1787729918,2,False,0.026408385144363722,4,sintetico
torino,3,923,1341,1200,1787729367,robusto,0.8062262515487142,1787728728,3,True,0.026408385144363722,4,sintetico
torino,3,923,1341,1800,1787729967,piu_veloce,0.8010482035047128,1787728167,2,False,0.5761327575322023,4,sintetico
torino,3,923,1341,1800,1787729967,meno_cambi,0.8010482035047128,1787728167,2,False,0.5761327575322023,4,sintetico
torino,3,923,1341,1800,1787729967,margine_fisso,0.26196455054891726,1787729918,2,False,0.5761327575322023,4,sintetico
torino,3,923,1341,1800,1787729967,robusto,0.837843975814783,1787728728,3,True,0.5761327575322023,4,sintetico
torino,4,1682,3415,0,1787729070,piu_veloce,0.002095313909881229,1787729070,1,True,0.0020603791445022654,6,sintetico
torino,4,1682,3415,0,1787729070,meno_cambi,0.0,1787730186,0,False,0.0020603791445022654,6,sintetico
torino,4,1682,3415,0,1787729070,margine_fisso,6.185968784251662e-06,1787729189,1,False,0.0020603791445022654,6,sintetico
torino,4,1682,3415,0,1787729070,robusto,0.002095313909881229,1787729070,1,True,0.0020603791445022654,6,sintetico
torino,4,1682,3415,300,1787729370,piu_veloce,0.09189102705020497,1787729070,1,False,0.12176994286300503,6,sintetico
torino,4,1682,3415,300,1787729370,meno_cambi,0.0,1787730186,0,False,0.12176994286300503,6,sintetico
torino,4,1682,3415,300,1787729370,margine_fisso,0.12562233961987576,1787729189,1,True,0.12176994286300503,6,sintetico
torino,4,1682,3415,300,1787729370,robusto,0.12562233961987576,1787729189,1,True,0.12176994286300503,6,sintetico
torino,4,1682,3415,600,1787729670,piu_veloce,0.2440711053051025,1787729070,1,False,0.3221451906797609,6,sintetico
torino,4,1682,3415,600,1787729670,meno_cambi,0.0,1787730186,0,False,0.3221451906797609,6,sintetico
torino,4,1682,3415,600,1787729670,margine_fisso,0.3416532025896541,1787729189,1,True,0.3221451906797609,6,sintetico
torino,4,1682,3415,600,1787729670,robusto,0.3416532025896541,1787729189,1,True,0.3221451906797609,6,sintetico
torino,4,1682,3415,900,1787729970,piu_veloce,0.4064428215814304,1787729070,1,False,0.46333521178852954,6,sintetico
torino,4,1682,3415,900,1787729970,meno_cambi,0.0,1787730186,0,False,0.46333521178852954,6,sintetico
torino,4,1682,3415,900,1787729970,margine_fisso,0.518925983725346,1787729189,1,True,0.46333521178852954,6,sintetico
torino,4,1682,3415,900,1787729970,robusto,0.518925983725346,1787729189,1,True,0.46333521178852954,6,sintetico
torino,4,1682,3415,1200,1787730270,piu_veloce,0.5939501313356195,1787729070,1,False,0.6798639019346349,6,sintetico
torino,4,1682,3415,1200,1787730270,meno_cambi,0.031031771165322197,1787730186,0,False,0.6798639019346349,6,sintetico
torino,4,1682,3415,1200,1787730270,margine_fisso,0.710895673099957,1787729189,1,True,0.6798639019346349,6,sintetico
torino,4,1682,3415,1200,1787730270,robusto,0.710895673099957,1787729189,1,True,0.6798639019346349,6,sintetico
torino,4,1682,3415,1800,1787730870,piu_veloce,0.8702062073744571,1787729070,1,False,0.6837954963449377,6,sintetico
torino,4,1682,3415,1800,1787730870,meno_cambi,0.6653134048850612,1787730186,0,False,0.6837954963449377,6,sintetico
torino,4,1682,3415,1800,1787730870,margine_fisso,0.9093054225556366,1787729189,1,True,0.6837954963449377,6,sintetico
torino,4,1682,3415,1800,1787730870,robusto,0.9093054225556366,1787729189,1,True,0.6837954963449377,6,sintetico
torino,5,1905,157,0,1787727249,piu_veloce,3.920654330347853e-05,1787727249,3,True,,8,sintetico
torino,5,1905,157,0,1787727249,meno_cambi,0.0,1787729820,1,False,,8,sintetico
torino,5,1905,157,0,1787727249,margine_fisso,0.0,1787729820,1,False,,8,sintetico
torino,5,1905,157,0,1787727249,robusto,3.920654330347853e-05,1787727249,3,True,,8,sintetico
torino,5,1905,157,300,1787727549,piu_veloce,0.010560999249942419,1787727249,3,True,0.005556084301252755,8,sintetico
torino,5,1905,157,300,1787727549,meno_cambi,0.0,1787729820,1,False,0.005556084301252755,8,sintetico
torino,5,1905,157,300,1787727549,margine_fisso,0.0,1787729820,1,False,0.005556084301252755,8,sintetico
torino,5,1905,157,300,1787727549,robusto,0.010560999249942419,1787727249,3,True,0.005556084301252755,8,sintetico
torino,5,1905,157,600,1787727849,piu_veloce,0.053457837815814487,1787727249,3,False,0.26465378884242946,8,sintetico
torino,5,1905,157,600,1787727849,meno_cambi,0.0,1787729820,1,False,0.26465378884242946,8,sintetico
torino,5,1905,157,600,1787727849,margine_fisso,0.0,1787729820,1,False,0.26465378884242946,8,sintetico
torino,5,1905,157,600,1787727849,robusto,0.30075907615817976,1787727640,2,True,0.26465378884242946,8,sintetico
torino,5,1905,157,900,1787728149,piu_veloce,0.1652761736164526,1787727249,3,False,0.5098748675378892,8,sintetico
torino,5,1905,157,900,1787728149,meno_cambi,0.0,1787729820,1,False,0.5098748675378892,8,sintetico
torino,5,1905,157,900,1787728149,margine_fisso,0.0,1787729820,1,False,0.5098748675378892,8,sintetico
torino,5,1905,157,900,1787728149,robusto,0.5800441017186303,1787727640,2,True,0.5098748675378892,8,sintetico
torino,5,1905,157,1200,1787728449,piu_veloce,0.3078557037565375,1787727249,3,False,0.546767333029937,8,sintetico
torino,5,1905,157,1200,1787728449,meno_cambi,0.0,1787729820,1,False,0.546767333029937,8,sintetico
torino,5,1905,157,1200,1787728449,margine_fisso,0.0,1787729820,1,False,0.546767333029937,8,sintetico
torino,5,1905,157,1200,1787728449,robusto,0.641753864712677,1787727640,2,True,0.546767333029937,8,sintetico
torino,5,1905,157,1800,1787729049,piu_veloce,0.5159063072023501,1787727249,3,False,0.39368425758049735,8,sintetico
torino,5,1905,157,1800,1787729049,meno_cambi,0.0,1787729820,1,False,0.39368425758049735,8,sintetico
torino,5,1905,157,1800,1787729049,margine_fisso,0.0,1787729820,1,False,0.39368425758049735,8,sintetico
torino,5,1905,157,1800,1787729049,robusto,0.82523948439861,1787727640,2,True,0.39368425758049735,8,sintetico
torino,6,1516,2738,0,1787725184,piu_veloce,0.026131978508807965,1787725184,0,True,,3,sintetico
torino,6,1516,2738,0,1787725184,meno_cambi,0.026131978508807965,1787725184,0,True,,3,sintetico
torino,6,1516,2738,0,1787725184,margine_fisso,0.026131978508807965,1787725184,0,True,,3,sintetico
torino,6,1516,2738,0,1787725184,robusto,0.026131978508807965,1787725184,0,True,,3,sintetico
torino,6,1516,2738,300,1787725484,piu_veloce,0.6136457482024523,1787725184,0,True,,3,sintetico
torino,6,1516,2738,300,1787725484,meno_cambi,0.6136457482024523,1787725184,0,True,,3,sintetico
torino,6,1516,2738,300,1787725484,margine_fisso,0.6136457482024523,1787725184,0,True,,3,sintetico
torino,6,1516,2738,300,1787725484,robusto,0.6136457482024523,1787725184,0,True,,3,sintetico
torino,6,1516,2738,600,1787725784,piu_veloce,0.9002641863355026,1787725184,0,True,,3,sintetico
torino,6,1516,2738,600,1787725784,meno_cambi,0.9002641863355026,1787725184,0,True,,3,sintetico
torino,6,1516,2738,600,1787725784,margine_fisso,0.9002641863355026,1787725184,0,True,,3,sintetico
torino,6,1516,2738,600,1787725784,robusto,0.9002641863355026,1787725184,0,True,,3,sintetico
torino,6,1516,2738,900,1787726084,piu_veloce,0.9718042044487902,1787725184,0,True,,3,sintetico
torino,6,1516,2738,900,1787726084,meno_cambi,0.9718042044487902,1787725184,0,True,,3,sintetico
torino,6,1516,2738,900,1787726084,margine_fisso,0.9718042044487902,1787725184,0,True,,3,sintetico
torino,6,1516,2738,900,1787726084,robusto,0.9718042044487902,1787725184,0,True,,3,sintetico
torino,6,1516,2738,1200,1787726384,piu_veloce,0.9906393906771903,1787725184,0,True,,3,sintetico
torino,6,1516,2738,1200,1787726384,meno_cambi,0.9906393906771903,1787725184,0,True,,3,sintetico
torino,6,1516,2738,1200,1787726384,margine_fisso,0.9906393906771903,1787725184,0,True,,3,sintetico
torino,6,1516,2738,1200,1787726384,robusto,0.9906393906771903,1787725184,0,True,,3,sintetico
torino,6,1516,2738,1800,1787726984,piu_veloce,0.999635011276919,1787725184,0,True,,3,sintetico
torino,6,1516,2738,1800,1787726984,meno_cambi,0.999635011276919,1787725184,0,True,,3,sintetico
torino,6,1516,2738,1800,1787726984,margine_fisso,0.999635011276919,1787725184,0,True,,3,sintetico
torino,6,1516,2738,1800,1787726984,robusto,0.999635011276919,1787725184,0,True,,3,sintetico
torino,7,1329,1779,0,1787729202,piu_veloce,0.016937036875749635,1787729202,2,True,0.013867825307738318,3,sintetico
torino,7,1329,1779,0,1787729202,meno_cambi,0.0,1787730881,1,False,0.013867825307738318,3,sintetico
torino,7,1329,1779,0,1787729202,margine_fisso,0.0,1787730881,1,False,0.013867825307738318,3,sintetico
torino,7,1329,1779,0,1787729202,robusto,0.016937036875749635,1787729202,2,True,0.013867825307738318,3,sintetico
torino,7,1329,1779,300,1787729502,piu_veloce,0.2135915163278693,1787729202,2,True,0.17451725589510184,3,sintetico
torino,7,1329,1779,300,1787729502,meno_cambi,0.0,1787730881,1,False,0.17451725589510184,3,sintetico
torino,7,1329,1779,300,1787729502,margine_fisso,0.0,1787730881,1,False,0.17451725589510184,3,sintetico
torino,7,1329,1779,300,1787729502,robusto,0.2135915163278693,1787729202,2,True,0.17451725589510184,3,sintetico
torino,7,1329,1779,600,1787729802,piu_veloce,0.27548351236544943,1787729202,2,True,0.22392314497925747,3,sintetico
torino,7,1329,1779,600,1787729802,meno_cambi,0.0,1787730881,1,False,0.22392314497925747,3,sintetico
torino,7,1329,1779,600,1787729802,margine_fisso,0.0,1787730881,1,False,0.22392314497925747,3,sintetico
torino,7,1329,1779,600,1787729802,robusto,0.27548351236544943,1787729202,2,True,0.22392314497925747,3,sintetico
torino,7,1329,1779,900,1787730102,piu_veloce,0.28705632830900374,1787729202,2,True,0.23064217715091567,3,sintetico
torino,7,1329,1779,900,1787730102,meno_cambi,0.0,1787730881,1,False,0.23064217715091567,3,sintetico
torino,7,1329,1779,900,1787730102,margine_fisso,0.0,1787730881,1,False,0.23064217715091567,3,sintetico
torino,7,1329,1779,900,1787730102,robusto,0.28705632830900374,1787729202,2,True,0.23064217715091567,3,sintetico
torino,7,1329,1779,1200,1787730402,piu_veloce,0.28959645805438083,1787729202,2,True,0.23143122389487766,3,sintetico
torino,7,1329,1779,1200,1787730402,meno_cambi,0.0,1787730881,1,False,0.23143122389487766,3,sintetico
torino,7,1329,1779,1200,1787730402,margine_fisso,0.0,1787730881,1,False,0.23143122389487766,3,sintetico
torino,7,1329,1779,1200,1787730402,robusto,0.28959645805438083,1787729202,2,True,0.23143122389487766,3,sintetico
torino,7,1329,1779,1800,1787731002,piu_veloce,0.914964508055234,1787729202,2,True,0.7590477128960531,3,sintetico
torino,7,1329,1779,1800,1787731002,meno_cambi,0.15591679515918094,1787730881,1,False,0.7590477128960531,3,sintetico
torino,7,1329,1779,1800,1787731002,margine_fisso,0.15591679515918094,1787730881,1,False,0.7590477128960531,3,sintetico
torino,7,1329,1779,1800,1787731002,robusto,0.914964508055234,1787729202,2,True,0.7590477128960531,3,sintetico
torino,8,1484,380,0,1787725837,piu_veloce,0.00040548248427440923,1787725837,2,True,,8,sintetico
torino,8,1484,380,0,1787725837,meno_cambi,0.0,1787727747,0,False,,8,sintetico
torino,8,1484,380,0,1787725837,margine_fisso,0.0,1787727747,0,False,,8,sintetico
torino,8,1484,380,0,1787725837,robusto,0.00040548248427440923,1787725837,2,True,,8,sintetico
torino,8,1484,380,300,1787726137,piu_veloce,0.028906596663460987,1787725837,2,False,0.15070556062366045,8,sintetico
torino,8,1484,380,300,1787726137,meno_cambi,0.0,1787727747,0,False,0.15070556062366045,8,sintetico
torino,8,1484,380,300,1787726137,margine_fisso,0.0,1787727747,0,False,0.15070556062366045,8,sintetico
torino,8,1484,380,300,1787726137,robusto,0.17961215728712143,1787725940,1,True,0.15070556062366045,8,sintetico
torino,8,1484,380,600,1787726437,piu_veloce,0.10328990616810606,1787725837,2,False,0.11254926254844906,8,sintetico
torino,8,1484,380,600,1787726437,meno_cambi,0.0,1787727747,0,False,0.11254926254844906,8,sintetico
torino,8,1484,380,600,1787726437,margine_fisso,0.0,1787727747,0,False,0.11254926254844906,8,sintetico
torino,8,1484,380,600,1787726437,robusto,0.21583916871655512,1787725940,1,True,0.11254926254844906,8,sintetico
torino,8,1484,380,900,1787726737,piu_veloce,0.15357607996094225,1787725837,2,False,0.6600794329273213,8,sintetico
torino,8,1484,380,900,1787726737,meno_cambi,0.0,1787727747,0,False,0.6600794329273213,8,sintetico
torino,8,1484,380,900,1787726737,margine_fisso,0.0,1787727747,0,False,0.6600794329273213,8,sintetico
torino,8,1484,380,900,1787726737,robusto,0.8136555128882635,1787725940,1,True,0.6600794329273213,8,sintetico
torino,8,1484,380,1200,1787727037,piu_veloce,0.36762336692725367,1787725837,2,False,0.5113135703551697,8,sintetico
torino,8,1484,380,1200,1787727037,meno_cambi,0.0,1787727747,0,False,0.5113135703551697,8,sintetico
torino,8,1484,380,1200,1787727037,margine_fisso,0.0,1787727747,0,False,0.5113135703551697,8,sintetico
torino,8,1484,380,1200,1787727037,robusto,0.8789369372824234,1787725940,1,True,0.5113135703551697,8,sintetico
torino,8,1484,380,1800,1787727637,piu_veloce,0.8789656869572846,1787725837,2,False,0.1037639233095119,8,sintetico
torino,8,1484,380,1800,1787727637,meno_cambi,1.6725641982774206e-05,1787727747,0,False,0.1037639233095119,8,sintetico
torino,8,1484,380,1800,1787727637,margine_fisso,1.6725641982774206e-05,1787727747,0,False,0.1037639233095119,8,sintetico
torino,8,1484,380,1800,1787727637,robusto,0.9827296102667965,1787725940,1,True,0.1037639233095119,8,sintetico
torino,9,118,194,0,1787728571,piu_veloce,0.0028061554389634423,1787728571,2,True,,2,sintetico
torino,9,118,194,0,1787728571,meno_cambi,0.0,1787730791,1,False,,2,sintetico
torino,9,118,194,0,1787728571,margine_fisso,0.0,1787730791,1,False,,2,sintetico
torino,9,118,194,0,1787728571,robusto,0.0028061554389634423,1787728571,2,True,,2,sintetico
torino,9,118,194,300,1787728871,piu_veloce,0.1356682589432775,1787728571,2,True,,2,sintetico
torino,9,118,194,300,1787728871,meno_cambi,0.0,1787730791,1,False,,2,sintetico
torino,9,118,194,300,1787728871,margine_fisso,0.0,1787730791,1,False,,2,sintetico
torino,9,118,194,300,1787728871,robusto,0.1356682589432775,1787728571,2,True,,2,sintetico
torino,9,118,194,600,1787729171,piu_veloce,0.2990232497664653,1787728571,2,True,,2,sintetico
torino,9,118,194,600,1787729171,meno_cambi,0.0,1787730791,1,False,,2,sintetico
torino,9,118,194,600,1787729171,margine_fisso,0.0,1787730791,1,False,,2,sintetico
torino,9,118,194,600,1787729171,robusto,0.2990232497664653,1787728571,2,True,,2,sintetico
torino,9,118,194,900,1787729471,piu_veloce,0.3879903680849414,1787728571,2,True,,2,sintetico
torino,9,118,194,900,1787729471,meno_cambi,0.0,1787730791,1,False,,2,sintetico
torino,9,118,194,900,1787729471,margine_fisso,0.0,1787730791,1,False,,2,sintetico
torino,9,118,194,900,1787729471,robusto,0.3879903680849414,1787728571,2,True,,2,sintetico
torino,9,118,194,1200,1787729771,piu_veloce,0.49577178507926223,1787728571,2,True,,2,sintetico
torino,9,118,194,1200,1787729771,meno_cambi,0.0,1787730791,1,False,,2,sintetico
torino,9,118,194,1200,1787729771,margine_fisso,0.0,1787730791,1,False,,2,sintetico
torino,9,118,194,1200,1787729771,robusto,0.49577178507926223,1787728571,2,True,,2,sintetico
torino,9,118,194,1800,1787730371,piu_veloce,0.6966993911449457,1787728571,2,True,,2,sintetico
torino,9,118,194,1800,1787730371,meno_cambi,0.0,1787730791,1,False,,2,sintetico
torino,9,118,194,1800,1787730371,margine_fisso,0.0,1787730791,1,False,,2,sintetico
torino,9,118,194,1800,1787730371,robusto,0.6966993911449457,1787728571,2,True,,2,sintetico
torino,10,1538,1425,0,1787725775,piu_veloce,0.007678852748787609,1787725775,1,True,0.0049327412204366195,9,sintetico
torino,10,1538,1425,0,1787725775,meno_cambi,0.0,1787726724,0,False,0.0049327412204366195,9,sintetico
torino,10,1538,1425,0,1787725775,margine_fisso,0.007678852748787609,1787725775,1,True,0.0049327412204366195,9,sintetico
torino,10,1538,1425,0,1787725775,robusto,0.007678852748787609,1787725775,1,True,0.0049327412204366195,9,sintetico
torino,10,1538,1425,300,1787726075,piu_veloce,0.3586083122187799,1787725775,1,True,0.19190762493262303,9,sintetico
torino,10,1538,1425,300,1787726075,meno_cambi,0.0,1787726724,0,False,0.19190762493262303,9,sintetico
torino,10,1538,1425,300,1787726075,margine_fisso,0.3586083122187799,1787725775,1,True,0.19190762493262303,9,sintetico
torino,10,1538,1425,300,1787726075,robusto,0.3586083122187799,1787725775,1,True,0.19190762493262303,9,sintetico
torino,10,1538,1425,600,1787726375,piu_veloce,0.6706783571905796,1787725775,1,True,0.3179633840553478,9,sintetico
torino,10,1538,1425,600,1787726375,meno_cambi,0.0,1787726724,0,False,0.3179633840553478,9,sintetico
torino,10,1538,1425,600,1787726375,margine_fisso,0.6706783571905796,1787725775,1,True,0.3179633840553478,9,sintetico
torino,10,1538,1425,600,1787726375,robusto,0.6706783571905796,1787725775,1,True,0.3179633840553478,9,sintetico
torino,10,1538,1425,900,1787726675,piu_veloce,0.7923462736462232,1787725775,1,True,0.3530517002732637,9,sintetico
torino,10,1538,1425,900,1787726675,meno_cambi,0.0029842411924155127,1787726724,0,False,0.3530517002732637,9,sintetico
torino,10,1538,1425,900,1787726675,margine_fisso,0.7923462736462232,1787725775,1,True,0.3530517002732637,9,sintetico
torino,10,1538,1425,900,1787726675,robusto,0.7923462736462232,1787725775,1,True,0.3530517002732637,9,sintetico
torino,10,1538,1425,1200,1787726975,piu_veloce,0.8422902375472328,1787725775,1,True,0.34761199740767473,9,sintetico
torino,10,1538,1425,1200,1787726975,meno_cambi,0.6086021604110431,1787726724,0,False,0.34761199740767473,9,sintetico
torino,10,1538,1425,1200,1787726975,margine_fisso,0.8422902375472328,1787725775,1,True,0.34761199740767473,9,sintetico
torino,10,1538,1425,1200,1787726975,robusto,0.8422902375472328,1787725775,1,True,0.34761199740767473,9,sintetico
torino,10,1538,1425,1800,1787727575,piu_veloce,0.9747552275192821,1787725775,1,False,0.23541673475959768,9,sintetico
torino,10,1538,1425,1800,1787727575,meno_cambi,0.9844737961096915,1787726724,0,True,0.23541673475959768,9,sintetico
torino,10,1538,1425,1800,1787727575,margine_fisso,0.9747552275192821,1787725775,1,False,0.23541673475959768,9,sintetico
torino,10,1538,1425,1800,1787727575,robusto,0.9844737961096915,1787726724,0,True,0.23541673475959768,9,sintetico
torino,11,1636,1129,0,1787728104,piu_veloce,0.0029776867135447153,1787728104,2,True,,3,sintetico
torino,11,1636,1129,0,1787728104,meno_cambi,0.0,1787730060,1,False,,3,sintetico
torino,11,1636,1129,0,1787728104,margine_fisso,0.0029776867135447153,1787728104,2,True,,3,sintetico
torino,11,1636,1129,0,1787728104,robusto,0.0029776867135447153,1787728104,2,True,,3,sintetico
torino,11,1636,1129,300,1787728404,piu_veloce,0.06878916409378816,1787728104,2,True,,3,sintetico
torino,11,1636,1129,300,1787728404,meno_cambi,0.0,1787730060,1,False,,3,sintetico
torino,11,1636,1129,300,1787728404,margine_fisso,0.06878916409378816,1787728104,2,True,,3,sintetico
torino,11,1636,1129,300,1787728404,robusto,0.06878916409378816,1787728104,2,True,,3,sintetico
torino,11,1636,1129,600,1787728704,piu_veloce,0.1293321049523155,1787728104,2,True,,3,sintetico
torino,11,1636,1129,600,1787728704,meno_cambi,0.0,1787730060,1,False,,3,sintetico
torino,11,1636,1129,600,1787728704,margine_fisso,0.1293321049523155,1787728104,2,True,,3,sintetico
torino,11,1636,1129,600,1787728704,robusto,0.1293321049523155,1787728104,2,True,,3,sintetico
torino,11,1636,1129,900,1787729004,piu_veloce,0.16089555329215033,1787728104,2,True,,3,sintetico
torino,11,1636,1129,900,1787729004,meno_cambi,0.0,1787730060,1,False,,3,sintetico
torino,11,1636,1129,900,1787729004,margine_fisso,0.16089555329215033,1787728104,2,True,,3,sintetico
torino,11,1636,1129,900,1787729004,robusto,0.16089555329215033,1787728104,2,True,,3,sintetico
torino,11,1636,1129,1200,1787729304,piu_veloce,0.18695192356944323,1787728104,2,True,0.17887043277862436,3,sintetico
torino,11,1636,1129,1200,1787729304,meno_cambi,0.0,1787730060,1,False,0.17887043277862436,3,sintetico
torino,11,1636,1129,1200,1787729304,margine_fisso,0.18695192356944323,1787728104,2,True,0.17887043277862436,3,sintetico
torino,11,1636,1129,1200,1787729304,robusto,0.18695192356944323,1787728104,2,True,0.17887043277862436,3,sintetico
torino,11,1636,1129,1800,1787729904,piu_veloce,0.32896459820148755,1787728104,2,True,0.2600623168038436,3,sintetico
torino,11,1636,1129,1800,1787729904,meno_cambi,0.0,1787730060,1,False,0.2600623168038436,3,sintetico
torino,11,1636,1129,1800,1787729904,margine_fisso,0.32896459820148755,1787728104,2,True,0.2600623168038436,3,sintetico
torino,11,1636,1129,1800,1787729904,robusto,0.32896459820148755,1787728104,2,True,0.2600623168038436,3,sintetico
torino,12,3641,276,0,1787727880,piu_veloce,0.046313716542713164,1787727880,2,True,,5,sintetico
torino,12,3641,276,0,1787727880,meno_cambi,0.0,1787728133,1,False,,5,sintetico
torino,12,3641,276,0,1787727880,margine_fisso,0.0,1787728603,1,False,,5,sintetico
torino,12,3641,276,0,1787727880,robusto,0.046313716542713164,1787727880,2,True,,5,sintetico
torino,12,3641,276,300,1787728180,piu_veloce,0.48432715359622586,1787727880,2,True,0.46157873181654535,5,sintetico
torino,12,3641,276,300,1787728180,meno_cambi,0.0227484217796805,1787728133,1,False,0.46157873181654535,5,sintetico
torino,12,3641,276,300,1787728180,margine_fisso,0.0,1787728603,1,False,0.46157873181654535,5,sintetico
torino,12,3641,276,300,1787728180,robusto,0.48432715359622586,1787727880,2,True,0.46157873181654535,5,sintetico
torino,12,3641,276,600,1787728480,piu_veloce,0.7163247038053411,1787727880,2,True,0.6913095031290911,5,sintetico
torino,12,3641,276,600,1787728480,meno_cambi,0.28562986852585076,1787728133,1,False,0.6913095031290911,5,sintetico
torino,12,3641,276,600,1787728480,margine_fisso,1.639749333818813e-06,1787728603,1,False,0.6913095031290911,5,sintetico
torino,12,3641,276,600,1787728480,robusto,0.7163247038053411,1787727880,2,True,0.6913095031290911,5,sintetico
torino,12,3641,276,900,1787728780,piu_veloce,0.7999603229526924,1787727880,2,True,0.6543020066177674,5,sintetico
torino,12,3641,276,900,1787728780,meno_cambi,0.5147371225763197,1787728133,1,False,0.6543020066177674,5,sintetico
torino,12,3641,276,900,1787728780,margine_fisso,0.37419280390519205,1787728603,1,False,0.6543020066177674,5,sintetico
torino,12,3641,276,900,1787728780,robusto,0.7999603229526924,1787727880,2,True,0.6543020066177674,5,sintetico
torino,12,3641,276,1200,1787729080,piu_veloce,0.8316551829794653,1787727880,2,True,0.8300082024467831,5,sintetico
torino,12,3641,276,1200,1787729080,meno_cambi,0.6381235764344428,1787728133,1,False,0.8300082024467831,5,sintetico
torino,12,3641,276,1200,1787729080,margine_fisso,0.7804663743601299,1787728603,1,False,0.8300082024467831,5,sintetico
torino,12,3641,276,1200,1787729080,robusto,0.8316551829794653,1787727880,2,True,0.8300082024467831,5,sintetico
torino,12,3641,276,1800,1787729680,piu_veloce,0.8576354292367756,1787727880,2,False,0.8643302172976229,5,sintetico
torino,12,3641,276,1800,1787729680,meno_cambi,0.8520076500835397,1787728133,1,False,0.8643302172976229,5,sintetico
torino,12,3641,276,1800,1787729680,margine_fisso,0.958383092948294,1787728603,1,True,0.8643302172976229,5,sintetico
torino,12,3641,276,1800,1787729680,robusto,0.958383092948294,1787728603,1,True,0.8643302172976229,5,sintetico
torino,13,944,1544,0,1787727061,piu_veloce,0.003692056948142751,1787727061,0,True,,2,sintetico
torino,13,944,1544,0,1787727061,meno_cambi,0.003692056948142751,1787727061,0,True,,2,sintetico
torino,13,944,1544,0,1787727061,margine_fisso,0.003692056948142751,1787727061,0,True,,2,sintetico
torino,13,944,1544,0,1787727061,robusto,0.003692056948142751,1787727061,0,True,,2,sintetico
torino,13,944,1544,300,1787727361,piu_veloce,0.38621735650336786,1787727061,0,True,,2,sintetico
torino,13,944,1544,300,1787727361,meno_cambi,0.38621735650336786,1787727061,0,True,,2,sintetico
torino,13,944,1544,300,1787727361,margine_fisso,0.38621735650336786,1787727061,0,True,,2,sintetico
torino,13,944,1544,300,1787727361,robusto,0.38621735650336786,1787727061,0,True,,2,sintetico
torino,13,944,1544,600,1787727661,piu_veloce,0.7881730531913705,1787727061,0,True,0.49802663283008874,2,sintetico
torino,13,944,1544,600,1787727661,meno_cambi,0.7881730531913705,1787727061,0,True,0.49802663283008874,2,sintetico
torino,13,944,1544,600,1787727661,margine_fisso,0.7881730531913705,1787727061,0,True,0.49802663283008874,2,sintetico
torino,13,944,1544,600,1787727661,robusto,0.7881730531913705,1787727061,0,True,0.49802663283008874,2,sintetico
torino,13,944,1544,900,1787727961,piu_veloce,0.9337869518904364,1787727061,0,True,0.30225303575384854,2,sintetico
torino,13,944,1544,900,1787727961,meno_cambi,0.9337869518904364,1787727061,0,True,0.30225303575384854,2,sintetico
torino,13,944,1544,900,1787727961,margine_fisso,0.9337869518904364,1787727061,0,True,0.30225303575384854,2,sintetico
torino,13,944,1544,900,1787727961,robusto,0.9337869518904364,1787727061,0,True,0.30225303575384854,2,sintetico
torino,13,944,1544,1200,1787728261,piu_veloce,0.9783243003390711,1787727061,0,True,0.2945829359392218,2,sintetico
torino,13,944,1544,1200,1787728261,meno_cambi,0.9783243003390711,1787727061,0,True,0.2945829359392218,2,sintetico
torino,13,944,1544,1200,1787728261,margine_fisso,0.9783243003390711,1787727061,0,True,0.2945829359392218,2,sintetico
torino,13,944,1544,1200,1787728261,robusto,0.9783243003390711,1787727061,0,True,0.2945829359392218,2,sintetico
torino,13,944,1544,1800,1787728861,piu_veloce,0.9980068137878626,1787727061,0,True,0.2078234918708619,2,sintetico
torino,13,944,1544,1800,1787728861,meno_cambi,0.9980068137878626,1787727061,0,True,0.2078234918708619,2,sintetico
torino,13,944,1544,1800,1787728861,margine_fisso,0.9980068137878626,1787727061,0,True,0.2078234918708619,2,sintetico
torino,13,944,1544,1800,1787728861,robusto,0.9980068137878626,1787727061,0,True,0.2078234918708619,2,sintetico
torino,14,790,3086,0,1787725153,piu_veloce,0.04658085948086824,1787725153,0,False,,4,sintetico
torino,14,790,3086,0,1787725153,meno_cambi,0.04658085948086824,1787725153,0,False,,4,sintetico
torino,14,790,3086,0,1787725153,margine_fisso,0.04658085948086824,1787725153,0,False,,4,sintetico
torino,14,790,3086,0,1787725153,robusto,0.07373387469947948,1787725200,1,True,,4,sintetico
torino,14,790,3086,300,1787725453,piu_veloce,0.7561422853756585,1787725153,0,False,0.6011013304637609,4,sintetico
torino,14,790,3086,300,1787725453,meno_cambi,0.7561422853756585,1787725153,0,False,0.6011013304637609,4,sintetico
torino,14,790,3086,300,1787725453,margine_fisso,0.7561422853756585,1787725153,0,False,0.6011013304637609,4,sintetico
torino,14,790,3086,300,1787725453,robusto,0.86094740945185,1787725200,1,True,0.6011013304637609,4,sintetico
torino,14,790,3086,600,1787725753,piu_veloce,0.95965905167906,1787725153,0,True,0.5081526794845568,4,sintetico
torino,14,790,3086,600,1787725753,meno_cambi,0.95965905167906,1787725153,0,True,0.5081526794845568,4,sintetico
torino,14,790,3086,600,1787725753,margine_fisso,0.95965905167906,1787725153,0,True,0.5081526794845568,4,sintetico
torino,14,790,3086,600,1787725753,robusto,0.95965905167906,1787725153,0,True,0.5081526794845568,4,sintetico
torino,14,790,3086,900,1787726053,piu_veloce,0.9918504091196799,1787725153,0,False,0.37407516118352946,4,sintetico
torino,14,790,3086,900,1787726053,meno_cambi,0.9918504091196799,1787725153,0,False,0.37407516118352946,4,sintetico
torino,14,790,3086,900,1787726053,margine_fisso,0.9918504091196799,1787725153,0,False,0.37407516118352946,4,sintetico
torino,14,790,3086,900,1787726053,robusto,0.9949847535087751,1787725200,1,True,0.37407516118352946,4,sintetico
torino,14,790,3086,1200,1787726353,piu_veloce,0.9978907134173852,1787725153,0,True,0.015755590116351192,4,sintetico
torino,14,790,3086,1200,1787726353,meno_cambi,0.9978907134173852,1787725153,0,True,0.015755590116351192,4,sintetico
torino,14,790,3086,1200,1787726353,margine_fisso,0.9978907134173852,1787725153,0,True,0.015755590116351192,4,sintetico
torino,14,790,3086,1200,1787726353,robusto,0.9978907134173852,1787725153,0,True,0.015755590116351192,4,sintetico
torino,14,790,3086,1800,1787726953,piu_veloce,0.9999604236647361,1787725153,0,True,0.013764469396192691,4,sintetico
torino,14,790,3086,1800,1787726953,meno_cambi,0.9999604236647361,1787725153,0,True,0.013764469396192691,4,sintetico
torino,14,790,3086,1800,1787726953,margine_fisso,0.9999604236647361,1787725153,0,True,0.013764469396192691,4,sintetico
torino,14,790,3086,1800,1787726953,robusto,0.9999604236647361,1787725153,0,True,0.013764469396192691,4,sintetico
torino,15,333,550,0,1787727124,piu_veloce,0.00012421428339576553,1787727124,3,False,,7,sintetico
torino,15,333,550,0,1787727124,meno_cambi,0.0,1787728530,1,False,,7,sintetico
torino,15,333,550,0,1787727124,margine_fisso,0.0,1787728530,1,False,,7,sintetico
torino,15,333,550,0,1787727124,robusto,0.3146155165338089,1787727126,2,True,,7,sintetico
torino,15,333,550,300,1787727424,piu_veloce,0.041933630929349514,1787727124,3,False,0.907896505306309,7,sintetico
torino,15,333,550,300,1787727424,meno_cambi,0.0,1787728530,1,False,0.907896505306309,7,sintetico
torino,15,333,550,300,1787727424,margine_fisso,0.0,1787728530,1,False,0.907896505306309,7,sintetico
torino,15,333,550,300,1787727424,robusto,0.9498301362356586,1787727126,2,True,0.907896505306309,7,sintetico
torino,15,333,550,600,1787727724,piu_veloce,0.13194299250933567,1787727124,3,False,0.8205470762898468,7,sintetico
torino,15,333,550,600,1787727724,meno_cambi,0.0,1787728530,1,False,0.8205470762898468,7,sintetico
torino,15,333,550,600,1787727724,margine_fisso,0.0,1787728530,1,False,0.8205470762898468,7,sintetico
torino,15,333,550,600,1787727724,robusto,0.9524900687991824,1787727126,2,True,0.8205470762898468,7,sintetico
torino,15,333,550,900,1787728024,piu_veloce,0.22173708501652786,1787727124,3,False,0.7391600089526689,7,sintetico
torino,15,333,550,900,1787728024,meno_cambi,0.0,1787728530,1,False,0.7391600089526689,7,sintetico
torino,15,333,550,900,1787728024,margine_fisso,0.0,1787728530,1,False,0.7391600089526689,7,sintetico
torino,15,333,550,900,1787728024,robusto,0.9608970939691968,1787727220,2,True,0.7391600089526689,7,sintetico
torino,15,333,550,1200,1787728324,piu_veloce,0.3562337856171831,1787727124,3,False,0.6305003904253035,7,sintetico
torino,15,333,550,1200,1787728324,meno_cambi,0.0,1787728530,1,False,0.6305003904253035,7,sintetico
torino,15,333,550,1200,1787728324,margine_fisso,0.0,1787728530,1,False,0.6305003904253035,7,sintetico
torino,15,333,550,1200,1787728324,robusto,0.9867341760424866,1787727220,2,True,0.6305003904253035,7,sintetico
torino,15,333,550,1800,1787728924,piu_veloce,0.698148324196508,1787727124,3,False,0.9390395294902208,7,sintetico
torino,15,333,550,1800,1787728924,meno_cambi,0.9631535234436382,1787728530,1,False,0.9390395294902208,7,sintetico
torino,15,333,550,1800,1787728924,margine_fisso,0.9631535234436382,1787728530,1,False,0.9390395294902208,7,sintetico
torino,15,333,550,1800,1787728924,robusto,0.9970665019725333,1787727220,2,True,0.9390395294902208,7,sintetico
torino,16,1552,396,0,1787726340,piu_veloce,0.01400371312109968,1787726340,1,True,,3,sintetico
torino,16,1552,396,0,1787726340,meno_cambi,0.01400371312109968,1787726340,1,True,,3,sintetico
torino,16,1552,396,0,1787726340,margine_fisso,0.01400371312109968,1787726340,1,True,,3,sintetico
torino,16,1552,396,0,1787726340,robusto,0.01400371312109968,1787726340,1,True,,3,sintetico
torino,16,1552,396,300,1787726640,piu_veloce,0.2194195028719979,1787726340,1,True,,3,sintetico
torino,16,1552,396,300,1787726640,meno_cambi,0.2194195028719979,1787726340,1,True,,3,sintetico
torino,16,1552,396,300,1787726640,margine_fisso,0.2194195028719979,1787726340,1,True,,3,sintetico
torino,16,1552,396,300,1787726640,robusto,0.2194195028719979,1787726340,1,True,,3,sintetico
torino,16,1552,396,600,1787726940,piu_veloce,0.2713993585458772,1787726340,1,True,,3,sintetico
torino,16,1552,396,600,1787726940,meno_cambi,0.2713993585458772,1787726340,1,True,,3,sintetico
torino,16,1552,396,600,1787726940,margine_fisso,0.2713993585458772,1787726340,1,True,,3,sintetico
torino,16,1552,396,600,1787726940,robusto,0.2713993585458772,1787726340,1,True,,3,sintetico
torino,16,1552,396,900,1787727240,piu_veloce,0.27773486660865127,1787726340,1,True,,3,sintetico
torino,16,1552,396,900,1787727240,meno_cambi,0.27773486660865127,1787726340,1,True,,3,sintetico
torino,16,1552,396,900,1787727240,margine_fisso,0.27773486660865127,1787726340,1,True,,3,sintetico
torino,16,1552,396,900,1787727240,robusto,0.27773486660865127,1787726340,1,True,,3,sintetico
torino,16,1552,396,1200,1787727540,piu_veloce,0.2786800102809174,1787726340,1,True,0.27429058767031184,3,sintetico
torino,16,1552,396,1200,1787727540,meno_cambi,0.2786800102809174,1787726340,1,True,0.27429058767031184,3,sintetico
torino,16,1552,396,1200,1787727540,margine_fisso,0.2786800102809174,1787726340,1,True,0.27429058767031184,3,sintetico
torino,16,1552,396,1200,1787727540,robusto,0.2786800102809174,1787726340,1,True,0.27429058767031184,3,sintetico
torino,16,1552,396,1800,1787728140,piu_veloce,0.3199379492082908,1787726340,1,True,0.23284982889880423,3,sintetico
torino,16,1552,396,1800,1787728140,meno_cambi,0.3199379492082908,1787726340,1,True,0.23284982889880423,3,sintetico
torino,16,1552,396,1800,1787728140,margine_fisso,0.3199379492082908,1787726340,1,True,0.23284982889880423,3,sintetico
torino,16,1552,396,1800,1787728140,robusto,0.3199379492082908,1787726340,1,True,0.23284982889880423,3,sintetico
torino,17,902,2169,0,1787727480,piu_veloce,0.00014650863009388484,1787727480,1,True,5.243869184568026e-05,16,sintetico
torino,17,902,2169,0,1787727480,meno_cambi,0.0,1787729021,0,False,5.243869184568026e-05,16,sintetico
torino,17,902,2169,0,1787727480,margine_fisso,0.0,1787728421,1,False,5.243869184568026e-05,16,sintetico
torino,17,902,2169,0,1787727480,robusto,0.00014650863009388484,1787727480,1,True,5.243869184568026e-05,16,sintetico
torino,17,902,2169,300,1787727780,piu_veloce,0.05306378929865161,1787727480,1,True,0.05281640993836102,16,sintetico
torino,17,902,2169,300,1787727780,meno_cambi,0.0,1787729021,0,False,0.05281640993836102,16,sintetico
torino,17,902,2169,300,1787727780,margine_fisso,0.0,1787728421,1,False,0.05281640993836102,16,sintetico
torino,17,902,2169,300,1787727780,robusto,0.05306378929865161,1787727480,1,True,0.05281640993836102,16,sintetico
torino,17,902,2169,600,1787728080,piu_veloce,0.24511007964509038,1787727480,1,True,0.23375667011843246,16,sintetico
torino,17,902,2169,600,1787728080,meno_cambi,0.0,1787729021,0,False,0.23375667011843246,16,sintetico
torino,17,902,2169,600,1787728080,margine_fisso,0.0,1787728421,1,False,0.23375667011843246,16,sintetico
torino,17,902,2169,600,1787728080,robusto,0.24511007964509038,1787727480,1,True,0.23375667011843246,16,sintetico
torino,17,902,2169,900,1787728380,piu_veloce,0.47310660327328785,1787727480,1,True,0.4045501273085481,16,sintetico
torino,17,902,2169,900,1787728380,meno_cambi,0.0,1787729021,0,False,0.4045501273085481,16,sintetico
torino,17,902,2169,900,1787728380,margine_fisso,0.0017773909717061363,1787728421,1,False,0.4045501273085481,16,sintetico
torino,17,902,2169,900,1787728380,robusto,0.47310660327328785,1787727480,1,True,0.4045501273085481,16,sintetico
torino,17,902,2169,1200,1787728680,piu_veloce,0.653539655702343,1787727480,1,True,0.4703055210089111,16,sintetico
torino,17,902,2169,1200,1787728680,meno_cambi,0.0,1787729021,0,False,0.4703055210089111,16,sintetico
torino,17,902,2169,1200,1787728680,margine_fisso,0.4106851841037725,1787728421,1,False,0.4703055210089111,16,sintetico
torino,17,902,2169,1200,1787728680,robusto,0.653539655702343,1787727480,1,True,0.4703055210089111,16,sintetico
torino,17,902,2169,1800,1787729280,piu_veloce,0.8553986664352093,1787727480,1,False,0.514864936750116,16,sintetico
torino,17,902,2169,1800,1787729280,meno_cambi,0.4982538014084185,1787729021,0,False,0.514864936750116,16,sintetico
torino,17,902,2169,1800,1787729280,margine_fisso,0.8747012952550139,1787728421,1,True,0.514864936750116,16,sintetico
torino,17,902,2169,1800,1787729280,robusto,0.8747012952550139,1787728421,1,True,0.514864936750116,16,sintetico
torino,18,7895,3524,0,1787728923,piu_veloce,0.005943623594784914,1787728923,3,True,,4,sintetico
torino,18,7895,3524,0,1787728923,meno_cambi,0.0,1787729448,1,False,,4,sintetico
torino,18,7895,3524,0,1787728923,margine_fisso,0.0,1787729448,1,False,,4,sintetico
torino,18,7895,3524,0,1787728923,robusto,0.005943623594784914,1787728923,3,True,,4,sintetico
torino,18,7895,3524,300,1787729223,piu_veloce,0.10326661147891493,1787728923,3,True,0.05609237974591067,4,sintetico
torino,18,7895,3524,300,1787729223,meno_cambi,0.0,1787729448,1,False,0.05609237974591067,4,sintetico
torino,18,7895,3524,300,1787729223,margine_fisso,0.0,1787729448,1,False,0.05609237974591067,4,sintetico
torino,18,7895,3524,300,1787729223,robusto,0.10326661147891493,1787728923,3,True,0.05609237974591067,4,sintetico
torino,18,7895,3524,600,1787729523,piu_veloce,0.17286727445952652,1787728923,3,False,0.07250661734496971,4,sintetico
torino,18,7895,3524,600,1787729523,meno_cambi,0.24537389180449623,1787729448,1,True,0.07250661734496971,4,sintetico
torino,18,7895,3524,600,1787729523,margine_fisso,0.24537389180449623,1787729448,1,True,0.07250661734496971,4,sintetico
torino,18,7895,3524,600,1787729523,robusto,0.24537389180449623,1787729448,1,True,0.07250661734496971,4,sintetico
torino,18,7895,3524,900,1787729823,piu_veloce,0.20066109860294462,1787728923,3,False,0.5643494829249858,4,sintetico
torino,18,7895,3524,900,1787729823,meno_cambi,0.7650105815279303,1787729448,1,True,0.5643494829249858,4,sintetico
torino,18,7895,3524,900,1787729823,margine_fisso,0.7650105815279303,1787729448,1,True,0.5643494829249858,4,sintetico
torino,18,7895,3524,900,1787729823,robusto,0.7650105815279303,1787729448,1,True,0.5643494829249858,4,sintetico
torino,18,7895,3524,1200,1787730123,piu_veloce,0.3097132535966258,1787728923,3,False,0.5501411840854877,4,sintetico
torino,18,7895,3524,1200,1787730123,meno_cambi,0.8598544376821136,1787729448,1,True,0.5501411840854877,4,sintetico
torino,18,7895,3524,1200,1787730123,margine_fisso,0.8598544376821136,1787729448,1,True,0.5501411840854877,4,sintetico
torino,18,7895,3524,1200,1787730123,robusto,0.8598544376821136,1787729448,1,True,0.5501411840854877,4,sintetico
torino,18,7895,3524,1800,1787730723,piu_veloce,0.7079460517147489,1787728923,3,False,0.849421603657224,4,sintetico
torino,18,7895,3524,1800,1787730723,meno_cambi,0.8808475421311948,1787729448,1,True,0.849421603657224,4,sintetico
torino,18,7895,3524,1800,1787730723,margine_fisso,0.8808475421311948,1787729448,1,True,0.849421603657224,4,sintetico
torino,18,7895,3524,1800,1787730723,robusto,0.8808475421311948,1787729448,1,True,0.849421603657224,4,sintetico
torino,19,8021,2052,0,1787729402,piu_veloce,0.004834193064726533,1787729402,3,True,,3,sintetico
torino,19,8021,2052,0,1787729402,meno_cambi,0.0,1787731022,2,False,,3,sintetico
torino,19,8021,2052,0,1787729402,margine_fisso,0.0,1787731022,2,False,,3,sintetico
torino,19,8021,2052,0,1787729402,robusto,0.004834193064726533,1787729402,3,True,,3,sintetico
torino,19,8021,2052,300,1787729702,piu_veloce,0.12052775328520635,1787729402,3,True,,3,sintetico
torino,19,8021,2052,300,1787729702,meno_cambi,0.0,1787731022,2,False,,3,sintetico
torino,19,8021,2052,300,1787729702,margine_fisso,0.0,1787731022,2,False,,3,sintetico
torino,19,8021,2052,300,1787729702,robusto,0.12052775328520635,1787729402,3,True,,3,sintetico
torino,19,8021,2052,600,1787730002,piu_veloce,0.24502176839281747,1787729402,3,True,,3,sintetico
torino,19,8021,2052,600,1787730002,meno_cambi,0.0,1787731022,2,False,,3,sintetico
torino,19,8021,2052,600,1787730002,margine_fisso,0.0,1787731022,2,False,,3,sintetico
torino,19,8021,2052,600,1787730002,robusto,0.24502176839281747,1787729402,3,True,,3,sintetico
torino,19,8021,2052,900,1787730302,piu_veloce,0.32782872991185485,1787729402,3,True,,3,sintetico
torino,19,8021,2052,900,1787730302,meno_cambi,0.0,1787731022,2,False,,3,sintetico
torino,19,8021,2052,900,1787730302,margine_fisso,0.0,1787731022,2,False,,3,sintetico
torino,19,8021,2052,900,1787730302,robusto,0.32782872991185485,1787729402,3,True,,3,sintetico
torino,19,8021,2052,1200,1787730602,piu_veloce,0.3779267508773212,1787729402,3,True,,3,sintetico
torino,19,8021,2052,1200,1787730602,meno_cambi,0.0,1787731022,2,False,,3,sintetico
torino,19,8021,2052,1200,1787730602,margine_fisso,0.0,1787731022,2,False,,3,sintetico
torino,19,8021,2052,1200,1787730602,robusto,0.3779267508773212,1787729402,3,True,,3,sintetico
torino,19,8021,2052,1800,1787731202,piu_veloce,0.5222147466521847,1787729402,3,True,0.48888122041563925,3,sintetico
torino,19,8021,2052,1800,1787731202,meno_cambi,0.12304548979368307,1787731022,2,False,0.48888122041563925,3,sintetico
torino,19,8021,2052,1800,1787731202,margine_fisso,0.12304548979368307,1787731022,2,False,0.48888122041563925,3,sintetico
torino,19,8021,2052,1800,1787731202,robusto,0.5222147466521847,1787729402,3,True,0.48888122041563925,3,sintetico
torino,20,3698,3482,0,1787727060,piu_veloce,0.06243840088867594,1787727060,1,True,0.062426534682682715,5,sintetico
torino,20,3698,3482,0,1787727060,meno_cambi,0.0,1787730180,0,False,0.062426534682682715,5,sintetico
torino,20,3698,3482,0,1787727060,margine_fisso,0.06243840088867594,1787727060,1,True,0.062426534682682715,5,sintetico
torino,20,3698,3482,0,1787727060,robusto,0.06243840088867594,1787727060,1,True,0.062426534682682715,5,sintetico
torino,20,3698,3482,300,1787727360,piu_veloce,0.7677756162021144,1787727060,1,True,0.759426177177617,5,sintetico
torino,20,3698,3482,300,1787727360,meno_cambi,0.0,1787730180,0,False,0.759426177177617,5,sintetico
torino,20,3698,3482,300,1787727360,margine_fisso,0.7677756162021144,1787727060,1,True,0.759426177177617,5,sintetico
torino,20,3698,3482,300,1787727360,robusto,0.7677756162021144,1787727060,1,True,0.759426177177617,5,sintetico
torino,20,3698,3482,600,1787727660,piu_veloce,0.8450835674219834,1787727060,1,True,0.8290027246098859,5,sintetico
torino,20,3698,3482,600,1787727660,meno_cambi,0.0,1787730180,0,False,0.8290027246098859,5,sintetico
torino,20,3698,3482,600,1787727660,margine_fisso,0.8450835674219834,1787727060,1,True,0.8290027246098859,5,sintetico
torino,20,3698,3482,600,1787727660,robusto,0.8450835674219834,1787727060,1,True,0.8290027246098859,5,sintetico
torino,20,3698,3482,900,1787727960,piu_veloce,0.8565244022088687,1787727060,1,True,0.8137652171899152,5,sintetico
torino,20,3698,3482,900,1787727960,meno_cambi,0.0,1787730180,0,False,0.8137652171899152,5,sintetico
torino,20,3698,3482,900,1787727960,margine_fisso,0.8565244022088687,1787727060,1,True,0.8137652171899152,5,sintetico
torino,20,3698,3482,900,1787727960,robusto,0.8565244022088687,1787727060,1,True,0.8137652171899152,5,sintetico
torino,20,3698,3482,1200,1787728260,piu_veloce,0.9481489012750131,1787727060,1,True,0.5516540107871174,5,sintetico
torino,20,3698,3482,1200,1787728260,meno_cambi,0.0,1787730180,0,False,0.5516540107871174,5,sintetico
torino,20,3698,3482,1200,1787728260,margine_fisso,0.9481489012750131,1787727060,1,True,0.5516540107871174,5,sintetico
torino,20,3698,3482,1200,1787728260,robusto,0.9481489012750131,1787727060,1,True,0.5516540107871174,5,sintetico
torino,20,3698,3482,1800,1787728860,piu_veloce,0.9910803371437482,1787727060,1,True,0.41540558349209633,5,sintetico
torino,20,3698,3482,1800,1787728860,meno_cambi,0.0,1787730180,0,False,0.41540558349209633,5,sintetico
torino,20,3698,3482,1800,1787728860,margine_fisso,0.9910803371437482,1787727060,1,True,0.41540558349209633,5,sintetico
torino,20,3698,3482,1800,1787728860,robusto,0.9910803371437482,1787727060,1,True,0.41540558349209633,5,sintetico
torino,21,1461,741,0,1787727660,piu_veloce,0.024578827466097637,1787727660,2,True,,7,sintetico
torino,21,1461,741,0,1787727660,meno_cambi,0.0,1787727906,0,False,,7,sintetico
torino,21,1461,741,0,1787727660,margine_fisso,0.0,1787727906,0,False,,7,sintetico
torino,21,1461,741,0,1787727660,robusto,0.024578827466097637,1787727660,2,True,,7,sintetico
torino,21,1461,741,300,1787727960,piu_veloce,0.3405623555934207,1787727660,2,True,0.33556462021997213,7,sintetico
torino,21,1461,741,300,1787727960,meno_cambi,0.02075637877906276,1787727906,0,False,0.33556462021997213,7,sintetico
torino,21,1461,741,300,1787727960,margine_fisso,0.02075637877906276,1787727906,0,False,0.33556462021997213,7,sintetico
torino,21,1461,741,300,1787727960,robusto,0.3405623555934207,1787727660,2,True,0.33556462021997213,7,sintetico
torino,21,1461,741,600,1787728260,piu_veloce,0.4943142153793186,1787727660,2,True,0.33972751377159816,7,sintetico
torino,21,1461,741,600,1787728260,meno_cambi,0.30502393614376805,1787727906,0,False,0.33972751377159816,7,sintetico
torino,21,1461,741,600,1787728260,margine_fisso,0.30502393614376805,1787727906,0,False,0.33972751377159816,7,sintetico
torino,21,1461,741,600,1787728260,robusto,0.4943142153793186,1787727660,2,True,0.33972751377159816,7,sintetico
torino,21,1461,741,900,1787728560,piu_veloce,0.5410090448285635,1787727660,2,False,0.321371107086618,7,sintetico
torino,21,1461,741,900,1787728560,meno_cambi,0.6016973403525476,1787727906,0,True,0.321371107086618,7,sintetico
torino,21,1461,741,900,1787728560,margine_fisso,0.6016973403525476,1787727906,0,True,0.321371107086618,7,sintetico
torino,21,1461,741,900,1787728560,robusto,0.6016973403525476,1787727906,0,True,0.321371107086618,7,sintetico
torino,21,1461,741,1200,1787728860,piu_veloce,0.5560625542920081,1787727660,2,False,0.4460884946542472,7,sintetico
torino,21,1461,741,1200,1787728860,meno_cambi,0.7778406154748251,1787727906,0,True,0.4460884946542472,7,sintetico
torino,21,1461,741,1200,1787728860,margine_fisso,0.7778406154748251,1787727906,0,True,0.4460884946542472,7,sintetico
torino,21,1461,741,1200,1787728860,robusto,0.7778406154748251,1787727906,0,True,0.4460884946542472,7,sintetico
torino,21,1461,741,1800,1787729460,piu_veloce,0.816542505153387,1787727660,2,False,0.6807239775294218,7,sintetico
torino,21,1461,741,1800,1787729460,meno_cambi,0.9251596466326413,1787727906,0,True,0.6807239775294218,7,sintetico
torino,21,1461,741,1800,1787729460,margine_fisso,0.9251596466326413,1787727906,0,True,0.6807239775294218,7,sintetico
torino,21,1461,741,1800,1787729460,robusto,0.9251596466326413,1787727906,0,True,0.6807239775294218,7,sintetico
torino,22,8123,3518,0,1787727028,piu_veloce,0.15275145898998477,1787727028,1,True,,6,sintetico
torino,22,8123,3518,0,1787727028,meno_cambi,0.0,1787727828,0,False,,6,sintetico
torino,22,8123,3518,0,1787727028,margine_fisso,0.0,1787727197,1,False,,6,sintetico
torino,22,8123,3518,0,1787727028,robusto,0.15275145898998477,1787727028,1,True,,6,sintetico
torino,22,8123,3518,300,1787727328,piu_veloce,0.5249628851817023,1787727028,1,True,0.08498916065663342,6,sintetico
torino,22,8123,3518,300,1787727328,meno_cambi,0.0,1787727828,0,False,0.08498916065663342,6,sintetico
torino,22,8123,3518,300,1787727328,margine_fisso,0.4399737245250689,1787727197,1,False,0.08498916065663342,6,sintetico
torino,22,8123,3518,300,1787727328,robusto,0.5249628851817023,1787727028,1,True,0.08498916065663342,6,sintetico
torino,22,8123,3518,600,1787727628,piu_veloce,0.6710763815431273,1787727028,1,True,0.650143302380239,6,sintetico
torino,22,8123,3518,600,1787727628,meno_cambi,0.0,1787727828,0,False,0.650143302380239,6,sintetico
torino,22,8123,3518,600,1787727628,margine_fisso,0.5073570009310666,1787727197,1,False,0.650143302380239,6,sintetico
torino,22,8123,3518,600,1787727628,robusto,0.6710763815431273,1787727028,1,True,0.650143302380239,6,sintetico
torino,22,8123,3518,900,1787727928,piu_veloce,0.9577670733245525,1787727028,1,True,0.8329288179143207,6,sintetico
torino,22,8123,3518,900,1787727928,meno_cambi,0.1248382554102317,1787727828,0,False,0.8329288179143207,6,sintetico
torino,22,8123,3518,900,1787727928,margine_fisso,0.6818454537288621,1787727197,1,False,0.8329288179143207,6,sintetico
torino,22,8123,3518,900,1787727928,robusto,0.9577670733245525,1787727028,1,True,0.8329288179143207,6,sintetico
torino,22,8123,3518,1200,1787728228,piu_veloce,0.9665558571264639,1787727028,1,True,0.9583341270815171,6,sintetico
torino,22,8123,3518,1200,1787728228,meno_cambi,0.6786339577167058,1787727828,0,False,0.9583341270815171,6,sintetico
torino,22,8123,3518,1200,1787728228,margine_fisso,0.9502287796107522,1787727197,1,False,0.9583341270815171,6,sintetico
torino,22,8123,3518,1200,1787728228,robusto,0.9665558571264639,1787727028,1,True,0.9583341270815171,6,sintetico
torino,22,8123,3518,1800,1787728828,piu_veloce,0.9957539169222434,1787727028,1,True,0.2011469297223022,6,sintetico
torino,22,8123,3518,1800,1787728828,meno_cambi,0.972873053752094,1787727828,0,False,0.2011469297223022,6,sintetico
torino,22,8123,3518,1800,1787728828,margine_fisso,0.9858578966188206,1787727197,1,False,0.2011469297223022,6,sintetico
torino,22,8123,3518,1800,1787728828,robusto,0.9957539169222434,1787727028,1,True,0.2011469297223022,6,sintetico
torino,23,3515,72,0,1787726967,piu_veloce,0.0014651778154923393,1787726967,1,True,,7,sintetico
torino,23,3515,72,0,1787726967,meno_cambi,0.0,1787727528,0,False,,7,sintetico
torino,23,3515,72,0,1787726967,margine_fisso,0.0,1787727528,0,False,,7,sintetico
torino,23,3515,72,0,1787726967,robusto,0.0014651778154923393,1787726967,1,True,,7,sintetico
torino,23,3515,72,300,1787727267,piu_veloce,0.11722339753573059,1787726967,1,True,,7,sintetico
torino,23,3515,72,300,1787727267,meno_cambi,0.0,1787727528,0,False,,7,sintetico
torino,23,3515,72,300,1787727267,margine_fisso,0.0,1787727528,0,False,,7,sintetico
torino,23,3515,72,300,1787727267,robusto,0.11722339753573059,1787726967,1,True,,7,sintetico
torino,23,3515,72,600,1787727567,piu_veloce,0.37224868429984975,1787726967,1,True,0.37077512604109325,7,sintetico
torino,23,3515,72,600,1787727567,meno_cambi,0.038292280811628804,1787727528,0,False,0.37077512604109325,7,sintetico
torino,23,3515,72,600,1787727567,margine_fisso,0.038292280811628804,1787727528,0,False,0.37077512604109325,7,sintetico
torino,23,3515,72,600,1787727567,robusto,0.37224868429984975,1787726967,1,True,0.37077512604109325,7,sintetico
torino,23,3515,72,900,1787727867,piu_veloce,0.8444534261869655,1787726967,1,True,0.8151575072578615,7,sintetico
torino,23,3515,72,900,1787727867,meno_cambi,0.6091698195438757,1787727528,0,False,0.8151575072578615,7,sintetico
torino,23,3515,72,900,1787727867,margine_fisso,0.6091698195438757,1787727528,0,False,0.8151575072578615,7,sintetico
torino,23,3515,72,900,1787727867,robusto,0.8444534261869655,1787726967,1,True,0.8151575072578615,7,sintetico
torino,23,3515,72,1200,1787728167,piu_veloce,0.9118187294678212,1787726967,1,True,0.8614244156142367,7,sintetico
torino,23,3515,72,1200,1787728167,meno_cambi,0.9008402908156102,1787727528,0,False,0.8614244156142367,7,sintetico
torino,23,3515,72,1200,1787728167,margine_fisso,0.9008402908156102,1787727528,0,False,0.8614244156142367,7,sintetico
torino,23,3515,72,1200,1787728167,robusto,0.9118187294678212,1787726967,1,True,0.8614244156142367,7,sintetico
torino,23,3515,72,1800,1787728767,piu_veloce,0.9802366330190339,1787726967,1,False,0.5434848202750933,7,sintetico
torino,23,3515,72,1800,1787728767,meno_cambi,0.9926480298259682,1787727528,0,True,0.5434848202750933,7,sintetico
torino,23,3515,72,1800,1787728767,margine_fisso,0.9926480298259682,1787727528,0,True,0.5434848202750933,7,sintetico
torino,23,3515,72,1800,1787728767,robusto,0.9926480298259682,1787727528,0,True,0.5434848202750933,7,sintetico
torino,24,2520,3462,0,1787727898,piu_veloce,0.007456350034167295,1787727898,2,True,,2,sintetico
torino,24,2520,3462,0,1787727898,meno_cambi,0.0,1787729655,1,False,,2,sintetico
torino,24,2520,3462,0,1787727898,margine_fisso,0.0,1787729655,1,False,,2,sintetico
torino,24,2520,3462,0,1787727898,robusto,0.007456350034167295,1787727898,2,True,,2,sintetico
torino,24,2520,3462,300,1787728198,piu_veloce,0.2307412299948957,1787727898,2,True,,2,sintetico
torino,24,2520,3462,300,1787728198,meno_cambi,0.0,1787729655,1,False,,2,sintetico
torino,24,2520,3462,300,1787728198,margine_fisso,0.0,1787729655,1,False,,2,sintetico
torino,24,2520,3462,300,1787728198,robusto,0.2307412299948957,1787727898,2,True,,2,sintetico
torino,24,2520,3462,600,1787728498,piu_veloce,0.43406882794495816,1787727898,2,True,,2,sintetico
torino,24,2520,3462,600,1787728498,meno_cambi,0.0,1787729655,1,False,,2,sintetico
torino,24,2520,3462,600,1787728498,margine_fisso,0.0,1787729655,1,False,,2,sintetico
torino,24,2520,3462,600,1787728498,robusto,0.43406882794495816,1787727898,2,True,,2,sintetico
torino,24,2520,3462,900,1787728798,piu_veloce,0.5276751477505475,1787727898,2,True,,2,sintetico
torino,24,2520,3462,900,1787728798,meno_cambi,0.0,1787729655,1,False,,2,sintetico
torino,24,2520,3462,900,1787728798,margine_fisso,0.0,1787729655,1,False,,2,sintetico
torino,24,2520,3462,900,1787728798,robusto,0.5276751477505475,1787727898,2,True,,2,sintetico
torino,24,2520,3462,1200,1787729098,piu_veloce,0.5685404138632036,1787727898,2,True,,2,sintetico
torino,24,2520,3462,1200,1787729098,meno_cambi,0.0,1787729655,1,False,,2,sintetico
torino,24,2520,3462,1200,1787729098,margine_fisso,0.0,1787729655,1,False,,2,sintetico
torino,24,2520,3462,1200,1787729098,robusto,0.5685404138632036,1787727898,2,True,,2,sintetico
torino,24,2520,3462,1800,1787729698,piu_veloce,0.7566355606236297,1787727898,2,True,0.6725883405781574,2,sintetico
torino,24,2520,3462,1800,1787729698,meno_cambi,0.08404722004547233,1787729655,1,False,0.6725883405781574,2,sintetico
torino,24,2520,3462,1800,1787729698,margine_fisso,0.08404722004547233,1787729655,1,False,0.6725883405781574,2,sintetico
torino,24,2520,3462,1800,1787729698,robusto,0.7566355606236297,1787727898,2,True,0.6725883405781574,2,sintetico
torino,25,3285,3127,0,1787729194,piu_veloce,0.018073684743852937,1787729194,3,True,,3,sintetico
torino,25,3285,3127,0,1787729194,meno_cambi,0.018073684743852937,1787729194,3,True,,3,sintetico
torino,25,3285,3127,0,1787729194,margine_fisso,0.0,1787729865,3,False,,3,sintetico
torino,25,3285,3127,0,1787729194,robusto,0.018073684743852937,1787729194,3,True,,3,sintetico
torino,25,3285,3127,300,1787729494,piu_veloce,0.23769285147445118,1787729194,3,True,,3,sintetico
torino,25,3285,3127,300,1787729494,meno_cambi,0.23769285147445118,1787729194,3,True,,3,sintetico
torino,25,3285,3127,300,1787729494,margine_fisso,0.0,1787729865,3,False,,3,sintetico
torino,25,3285,3127,300,1787729494,robusto,0.23769285147445118,1787729194,3,True,,3,sintetico
torino,25,3285,3127,600,1787729794,piu_veloce,0.3291052269818047,1787729194,3,True,,3,sintetico
torino,25,3285,3127,600,1787729794,meno_cambi,0.3291052269818047,1787729194,3,True,,3,sintetico
torino,25,3285,3127,600,1787729794,margine_fisso,0.0009434932033201504,1787729865,3,False,,3,sintetico
torino,25,3285,3127,600,1787729794,robusto,0.3291052269818047,1787729194,3,True,,3,sintetico
torino,25,3285,3127,900,1787730094,piu_veloce,0.35660126385596097,1787729194,3,False,0.09248771936510747,3,sintetico
torino,25,3285,3127,900,1787730094,meno_cambi,0.35660126385596097,1787729194,3,False,0.09248771936510747,3,sintetico
torino,25,3285,3127,900,1787730094,margine_fisso,0.44908898322106844,1787729865,3,True,0.09248771936510747,3,sintetico
torino,25,3285,3127,900,1787730094,robusto,0.44908898322106844,1787729865,3,True,0.09248771936510747,3,sintetico
torino,25,3285,3127,1200,1787730394,piu_veloce,0.7060618635138978,1787729194,3,False,0.08199362573108993,3,sintetico
torino,25,3285,3127,1200,1787730394,meno_cambi,0.7060618635138978,1787729194,3,False,0.08199362573108993,3,sintetico
torino,25,3285,3127,1200,1787730394,margine_fisso,0.7880554892449877,1787729865,3,True,0.08199362573108993,3,sintetico
torino,25,3285,3127,1200,1787730394,robusto,0.7880554892449877,1787729865,3,True,0.08199362573108993,3,sintetico
torino,25,3285,3127,1800,1787730994,piu_veloce,0.879359622560817,1787729194,3,False,0.569174472003919,3,sintetico
torino,25,3285,3127,1800,1787730994,meno_cambi,0.879359622560817,1787729194,3,False,0.569174472003919,3,sintetico
torino,25,3285,3127,1800,1787730994,margine_fisso,0.9056902587932298,1787729865,3,True,0.569174472003919,3,sintetico
torino,25,3285,3127,1800,1787730994,robusto,0.9056902587932298,1787729865,3,True,0.569174472003919,3,sintetico
torino,26,2633,902,0,1787728202,piu_veloce,0.0013185854836721958,1787728202,2,False,0.005282072845187246,8,sintetico
torino,26,2633,902,0,1787728202,meno_cambi,0.0,1787728971,1,False,0.005282072845187246,8,sintetico
torino,26,2633,902,0,1787728202,margine_fisso,0.0,1787729162,1,False,0.005282072845187246,8,sintetico
torino,26,2633,902,0,1787728202,robusto,0.006600658328859442,1787728202,3,True,0.005282072845187246,8,sintetico
torino,26,2633,902,300,1787728502,piu_veloce,0.048560669439222076,1787728202,2,False,0.14555948536315963,8,sintetico
torino,26,2633,902,300,1787728502,meno_cambi,0.0,1787728971,1,False,0.14555948536315963,8,sintetico
torino,26,2633,902,300,1787728502,margine_fisso,0.0,1787729162,1,False,0.14555948536315963,8,sintetico
torino,26,2633,902,300,1787728502,robusto,0.1941201548023817,1787728431,2,True,0.14555948536315963,8,sintetico
torino,26,2633,902,600,1787728802,piu_veloce,0.10585617030522489,1787728202,2,False,0.23986406049308662,8,sintetico
torino,26,2633,902,600,1787728802,meno_cambi,0.0,1787728971,1,False,0.23986406049308662,8,sintetico
torino,26,2633,902,600,1787728802,margine_fisso,0.0,1787729162,1,False,0.23986406049308662,8,sintetico
torino,26,2633,902,600,1787728802,robusto,0.3457202307983115,1787728202,3,True,0.23986406049308662,8,sintetico
torino,26,2633,902,900,1787729102,piu_veloce,0.13833370787596946,1787728202,2,False,0.6570615745245458,8,sintetico
torino,26,2633,902,900,1787729102,meno_cambi,0.03669614532744847,1787728971,1,False,0.6570615745245458,8,sintetico
torino,26,2633,902,900,1787729102,margine_fisso,0.0013895992058870058,1787729162,1,False,0.6570615745245458,8,sintetico
torino,26,2633,902,900,1787729102,robusto,0.6937577198519943,1787728431,2,True,0.6570615745245458,8,sintetico
torino,26,2633,902,1200,1787729402,piu_veloce,0.35615331278607865,1787728202,2,False,0.80758908238218,8,sintetico
torino,26,2633,902,1200,1787729402,meno_cambi,0.07476005706338516,1787728971,1,False,0.80758908238218,8,sintetico
torino,26,2633,902,1200,1787729402,margine_fisso,0.1608811786872116,1787729162,1,False,0.80758908238218,8,sintetico
torino,26,2633,902,1200,1787729402,robusto,0.8823491394455651,1787728431,2,True,0.80758908238218,8,sintetico
torino,26,2633,902,1800,1787730002,piu_veloce,0.7012593295731617,1787728202,2,False,0.7515544926502508,8,sintetico
torino,26,2633,902,1800,1787730002,meno_cambi,0.6708820239858576,1787728971,1,False,0.7515544926502508,8,sintetico
torino,26,2633,902,1800,1787730002,margine_fisso,0.46611403982670824,1787729162,1,False,0.7515544926502508,8,sintetico
torino,26,2633,902,1800,1787730002,robusto,0.9762061259986773,1787728431,2,True,0.7515544926502508,8,sintetico
torino,27,1778,8372,0,1787729417,piu_veloce,0.0008445217446615341,1787729417,2,True,0.0008187164567350887,2,sintetico
torino,27,1778,8372,0,1787729417,meno_cambi,0.0008445217446615341,1787729417,2,True,0.0008187164567350887,2,sintetico
torino,27,1778,8372,0,1787729417,margine_fisso,0.0008445217446615341,1787729417,2,True,0.0008187164567350887,2,sintetico
torino,27,1778,8372,0,1787729417,robusto,0.0008445217446615341,1787729417,2,True,0.0008187164567350887,2,sintetico
torino,27,1778,8372,300,1787729717,piu_veloce,0.036602920756292505,1787729417,2,True,0.034670355567313384,2,sintetico
torino,27,1778,8372,300,1787729717,meno_cambi,0.036602920756292505,1787729417,2,True,0.034670355567313384,2,sintetico
torino,27,1778,8372,300,1787729717,margine_fisso,0.036602920756292505,1787729417,2,True,0.034670355567313384,2,sintetico
torino,27,1778,8372,300,1787729717,robusto,0.036602920756292505,1787729417,2,True,0.034670355567313384,2,sintetico
torino,27,1778,8372,600,1787730017,piu_veloce,0.11145654533572551,1787729417,2,True,0.10477889968318631,2,sintetico
torino,27,1778,8372,600,1787730017,meno_cambi,0.11145654533572551,1787729417,2,True,0.10477889968318631,2,sintetico
torino,27,1778,8372,600,1787730017,margine_fisso,0.11145654533572551,1787729417,2,True,0.10477889968318631,2,sintetico
torino,27,1778,8372,600,1787730017,robusto,0.11145654533572551,1787729417,2,True,0.10477889968318631,2,sintetico
torino,27,1778,8372,900,1787730317,piu_veloce,0.18375760752447723,1787729417,2,True,0.17224027420392585,2,sintetico
torino,27,1778,8372,900,1787730317,meno_cambi,0.18375760752447723,1787729417,2,True,0.17224027420392585,2,sintetico
torino,27,1778,8372,900,1787730317,margine_fisso,0.18375760752447723,1787729417,2,True,0.17224027420392585,2,sintetico
torino,27,1778,8372,900,1787730317,robusto,0.18375760752447723,1787729417,2,True,0.17224027420392585,2,sintetico
torino,27,1778,8372,1200,1787730617,piu_veloce,0.2389137005765735,1787729417,2,True,0.22360237178004153,2,sintetico
torino,27,1778,8372,1200,1787730617,meno_cambi,0.2389137005765735,1787729417,2,True,0.22360237178004153,2,sintetico
torino,27,1778,8372,1200,1787730617,margine_fisso,0.2389137005765735,1787729417,2,True,0.22360237178004153,2,sintetico
torino,27,1778,8372,1200,1787730617,robusto,0.2389137005765735,1787729417,2,True,0.22360237178004153,2,sintetico
torino,27,1778,8372,1800,1787731217,piu_veloce,0.5248955905803347,1787729417,2,True,0.49010785435895665,2,sintetico
torino,27,1778,8372,1800,1787731217,meno_cambi,0.5248955905803347,1787729417,2,True,0.49010785435895665,2,sintetico
torino,27,1778,8372,1800,1787731217,margine_fisso,0.5248955905803347,1787729417,2,True,0.49010785435895665,2,sintetico
torino,27,1778,8372,1800,1787731217,robusto,0.5248955905803347,1787729417,2,True,0.49010785435895665,2,sintetico
torino,28,29,1737,0,1787726460,piu_veloce,0.021860717420666313,1787726460,1,True,,3,sintetico
torino,28,29,1737,0,1787726460,meno_cambi,0.021860717420666313,1787726460,1,True,,3,sintetico
torino,28,29,1737,0,1787726460,margine_fisso,0.021860717420666313,1787726460,1,True,,3,sintetico
torino,28,29,1737,0,1787726460,robusto,0.021860717420666313,1787726460,1,True,,3,sintetico
torino,28,29,1737,300,1787726760,piu_veloce,0.5051423805935998,1787726460,1,True,,3,sintetico
torino,28,29,1737,300,1787726760,meno_cambi,0.5051423805935998,1787726460,1,True,,3,sintetico
torino,28,29,1737,300,1787726760,margine_fisso,0.5051423805935998,1787726460,1,True,,3,sintetico
torino,28,29,1737,300,1787726760,robusto,0.5051423805935998,1787726460,1,True,,3,sintetico
torino,28,29,1737,600,1787727060,piu_veloce,0.7461673351338346,1787726460,1,True,,3,sintetico
torino,28,29,1737,600,1787727060,meno_cambi,0.7461673351338346,1787726460,1,True,,3,sintetico
torino,28,29,1737,600,1787727060,margine_fisso,0.7461673351338346,1787726460,1,True,,3,sintetico
torino,28,29,1737,600,1787727060,robusto,0.7461673351338346,1787726460,1,True,,3,sintetico
torino,28,29,1737,900,1787727360,piu_veloce,0.8037804766242188,1787726460,1,True,,3,sintetico
torino,28,29,1737,900,1787727360,meno_cambi,0.8037804766242188,1787726460,1,True,,3,sintetico
torino,28,29,1737,900,1787727360,margine_fisso,0.8037804766242188,1787726460,1,True,,3,sintetico
torino,28,29,1737,900,1787727360,robusto,0.8037804766242188,1787726460,1,True,,3,sintetico
torino,28,29,1737,1200,1787727660,piu_veloce,0.8177879733884315,1787726460,1,True,,3,sintetico
torino,28,29,1737,1200,1787727660,meno_cambi,0.8177879733884315,1787726460,1,True,,3,sintetico
torino,28,29,1737,1200,1787727660,margine_fisso,0.8177879733884315,1787726460,1,True,,3,sintetico
torino,28,29,1737,1200,1787727660,robusto,0.8177879733884315,1787726460,1,True,,3,sintetico
torino,28,29,1737,1800,1787728260,piu_veloce,0.8279137479235223,1787726460,1,True,0.8267384136033693,3,sintetico
torino,28,29,1737,1800,1787728260,meno_cambi,0.8279137479235223,1787726460,1,True,0.8267384136033693,3,sintetico
torino,28,29,1737,1800,1787728260,margine_fisso,0.8279137479235223,1787726460,1,True,0.8267384136033693,3,sintetico
torino,28,29,1737,1800,1787728260,robusto,0.8279137479235223,1787726460,1,True,0.8267384136033693,3,sintetico
torino,29,770,600,0,1787728507,piu_veloce,1.1959959149129993e-05,1787728507,3,True,,4,sintetico
torino,29,770,600,0,1787728507,meno_cambi,0.0,1787730447,1,False,,4,sintetico
torino,29,770,600,0,1787728507,margine_fisso,0.0,1787728671,2,False,,4,sintetico
torino,29,770,600,0,1787728507,robusto,1.1959959149129993e-05,1787728507,3,True,,4,sintetico
torino,29,770,600,300,1787728807,piu_veloce,0.0025429025184756297,1787728507,3,False,0.10681399014914508,4,sintetico
torino,29,770,600,300,1787728807,meno_cambi,0.0,1787730447,1,False,0.10681399014914508,4,sintetico
torino,29,770,600,300,1787728807,margine_fisso,0.1093568926676207,1787728671,2,True,0.10681399014914508,4,sintetico
torino,29,770,600,300,1787728807,robusto,0.1093568926676207,1787728671,2,True,0.10681399014914508,4,sintetico
torino,29,770,600,600,1787729107,piu_veloce,0.012241858252712906,1787728507,3,False,0.37689522354005084,4,sintetico
torino,29,770,600,600,1787729107,meno_cambi,0.0,1787730447,1,False,0.37689522354005084,4,sintetico
torino,29,770,600,600,1787729107,margine_fisso,0.38913708179276374,1787728671,2,True,0.37689522354005084,4,sintetico
torino,29,770,600,600,1787729107,robusto,0.38913708179276374,1787728671,2,True,0.37689522354005084,4,sintetico
torino,29,770,600,900,1787729407,piu_veloce,0.026851702307379478,1787728507,3,False,0.5143042120517828,4,sintetico
torino,29,770,600,900,1787729407,meno_cambi,0.0,1787730447,1,False,0.5143042120517828,4,sintetico
torino,29,770,600,900,1787729407,margine_fisso,0.5411559143591622,1787728671,2,True,0.5143042120517828,4,sintetico
torino,29,770,600,900,1787729407,robusto,0.5411559143591622,1787728671,2,True,0.5143042120517828,4,sintetico
torino,29,770,600,1200,1787729707,piu_veloce,0.043865355116747905,1787728507,3,False,0.5636617461390637,4,sintetico
torino,29,770,600,1200,1787729707,meno_cambi,0.0,1787730447,1,False,0.5636617461390637,4,sintetico
torino,29,770,600,1200,1787729707,margine_fisso,0.6075271012558117,1787728671,2,True,0.5636617461390637,4,sintetico
torino,29,770,600,1200,1787729707,robusto,0.6075271012558117,1787728671,2,True,0.5636617461390637,4,sintetico
torino,29,770,600,1800,1787730307,piu_veloce,0.08743302772804609,1787728507,3,False,0.5708380525067076,4,sintetico
torino,29,770,600,1800,1787730307,meno_cambi,1.7014852499597367e-10,1787730447,1,False,0.5708380525067076,4,sintetico
torino,29,770,600,1800,1787730307,margine_fisso,0.6582710802347537,1787728671,2,True,0.5708380525067076,4,sintetico
torino,29,770,600,1800,1787730307,robusto,0.6582710802347537,1787728671,2,True,0.5708380525067076,4,sintetico
torino,30,206,3041,0,1787725697,piu_veloce,0.01637905250435623,1787725697,0,True,0.005879766411778505,2,sintetico
torino,30,206,3041,0,1787725697,meno_cambi,0.01637905250435623,1787725697,0,True,0.005879766411778505,2,sintetico
torino,30,206,3041,0,1787725697,margine_fisso,0.01637905250435623,1787725697,0,True,0.005879766411778505,2,sintetico
torino,30,206,3041,0,1787725697,robusto,0.01637905250435623,1787725697,0,True,0.005879766411778505,2,sintetico
torino,30,206,3041,300,1787725997,piu_veloce,0.48880915011858905,1787725697,0,True,0.12010895173260783,2,sintetico
torino,30,206,3041,300,1787725997,meno_cambi,0.48880915011858905,1787725697,0,True,0.12010895173260783,2,sintetico
torino,30,206,3041,300,1787725997,margine_fisso,0.48880915011858905,1787725697,0,True,0.12010895173260783,2,sintetico
torino,30,206,3041,300,1787725997,robusto,0.48880915011858905,1787725697,0,True,0.12010895173260783,2,sintetico
torino,30,206,3041,600,1787726297,piu_veloce,0.8211907204525503,1787725697,0,True,0.17535147939618934,2,sintetico
torino,30,206,3041,600,1787726297,meno_cambi,0.8211907204525503,1787725697,0,True,0.17535147939618934,2,sintetico
torino,30,206,3041,600,1787726297,margine_fisso,0.8211907204525503,1787725697,0,True,0.17535147939618934,2,sintetico
torino,30,206,3041,600,1787726297,robusto,0.8211907204525503,1787725697,0,True,0.17535147939618934,2,sintetico
torino,30,206,3041,900,1787726597,piu_veloce,0.9361985667544718,1787725697,0,True,0.19170695289071404,2,sintetico
torino,30,206,3041,900,1787726597,meno_cambi,0.9361985667544718,1787725697,0,True,0.19170695289071404,2,sintetico
torino,30,206,3041,900,1787726597,margine_fisso,0.9361985667544718,1787725697,0,True,0.19170695289071404,2,sintetico
torino,30,206,3041,900,1787726597,robusto,0.9361985667544718,1787725697,0,True,0.19170695289071404,2,sintetico
torino,30,206,3041,1200,1787726897,piu_veloce,0.9748885626430144,1787725697,0,True,0.19697137310280954,2,sintetico
torino,30,206,3041,1200,1787726897,meno_cambi,0.9748885626430144,1787725697,0,True,0.19697137310280954,2,sintetico
torino,30,206,3041,1200,1787726897,margine_fisso,0.9748885626430144,1787725697,0,True,0.19697137310280954,2,sintetico
torino,30,206,3041,1200,1787726897,robusto,0.9748885626430144,1787725697,0,True,0.19697137310280954,2,sintetico
torino,30,206,3041,1800,1787727497,piu_veloce,0.997995557115924,1787725697,0,True,0.041726844100474,2,sintetico
torino,30,206,3041,1800,1787727497,meno_cambi,0.997995557115924,1787725697,0,True,0.041726844100474,2,sintetico
torino,30,206,3041,1800,1787727497,margine_fisso,0.997995557115924,1787725697,0,True,0.041726844100474,2,sintetico
torino,30,206,3041,1800,1787727497,robusto,0.997995557115924,1787725697,0,True,0.041726844100474,2,sintetico
torino,31,965,282,0,1787727992,piu_veloce,0.03474991479617839,1787727992,1,False,0.015940171225159876,4,sintetico
torino,31,965,282,0,1787727992,meno_cambi,0.03474991479617839,1787727992,1,False,0.015940171225159876,4,sintetico
torino,31,965,282,0,1787727992,margine_fisso,0.03474991479617839,1787727992,1,False,0.015940171225159876,4,sintetico
torino,31,965,282,0,1787727992,robusto,0.037832953590640164,1787727992,2,True,0.015940171225159876,4,sintetico
torino,31,965,282,300,1787728292,piu_veloce,0.4900059398321837,1787727992,1,False,0.20751838962929592,4,sintetico
torino,31,965,282,300,1787728292,meno_cambi,0.4900059398321837,1787727992,1,False,0.20751838962929592,4,sintetico
torino,31,965,282,300,1787728292,margine_fisso,0.4900059398321837,1787727992,1,False,0.20751838962929592,4,sintetico
torino,31,965,282,300,1787728292,robusto,0.5182522551514163,1787727992,2,True,0.20751838962929592,4,sintetico
torino,31,965,282,600,1787728592,piu_veloce,0.759748341988248,1787727992,1,False,0.30770748721540636,4,sintetico
torino,31,965,282,600,1787728592,meno_cambi,0.759748341988248,1787727992,1,False,0.30770748721540636,4,sintetico
torino,31,965,282,600,1787728592,margine_fisso,0.759748341988248,1787727992,1,False,0.30770748721540636,4,sintetico
torino,31,965,282,600,1787728592,robusto,0.798119487958531,1787727992,2,True,0.30770748721540636,4,sintetico
torino,31,965,282,900,1787728892,piu_veloce,0.8622038340644245,1787727992,1,False,0.34184767848034614,4,sintetico
torino,31,965,282,900,1787728892,meno_cambi,0.8622038340644245,1787727992,1,False,0.34184767848034614,4,sintetico
torino,31,965,282,900,1787728892,margine_fisso,0.8622038340644245,1787727992,1,False,0.34184767848034614,4,sintetico
torino,31,965,282,900,1787728892,robusto,0.9039405824974505,1787727992,2,True,0.34184767848034614,4,sintetico
torino,31,965,282,1200,1787729192,piu_veloce,0.9025168509998616,1787727992,1,False,0.35457424994361264,4,sintetico
torino,31,965,282,1200,1787729192,meno_cambi,0.9025168509998616,1787727992,1,False,0.35457424994361264,4,sintetico
torino,31,965,282,1200,1787729192,margine_fisso,0.9025168509998616,1787727992,1,False,0.35457424994361264,4,sintetico
torino,31,965,282,1200,1787729192,robusto,0.9455533963221382,1787727992,2,True,0.35457424994361264,4,sintetico
torino,31,965,282,1800,1787729792,piu_veloce,0.9283555448731576,1787727992,1,False,0.3624712768362184,4,sintetico
torino,31,965,282,1800,1787729792,meno_cambi,0.9283555448731576,1787727992,1,False,0.3624712768362184,4,sintetico
torino,31,965,282,1800,1787729792,margine_fisso,0.9283555448731576,1787727992,1,False,0.3624712768362184,4,sintetico
torino,31,965,282,1800,1787729792,robusto,0.9722363486097894,1787727992,2,True,0.3624712768362184,4,sintetico
torino,32,2555,3212,0,1787727477,piu_veloce,0.006527049788699122,1787727477,2,False,0.008108794920463284,8,sintetico
torino,32,2555,3212,0,1787727477,meno_cambi,0.0,1787728980,0,False,0.008108794920463284,8,sintetico
torino,32,2555,3212,0,1787727477,margine_fisso,0.0,1787728156,3,False,0.008108794920463284,8,sintetico
torino,32,2555,3212,0,1787727477,robusto,0.014635844709162406,1787727477,3,True,0.008108794920463284,8,sintetico
torino,32,2555,3212,300,1787727777,piu_veloce,0.05502954152386184,1787727477,2,False,0.12464176616137826,8,sintetico
torino,32,2555,3212,300,1787727777,meno_cambi,0.0,1787728980,0,False,0.12464176616137826,8,sintetico
torino,32,2555,3212,300,1787727777,margine_fisso,0.0,1787728156,3,False,0.12464176616137826,8,sintetico
torino,32,2555,3212,300,1787727777,robusto,0.17868816509533803,1787727616,2,True,0.12464176616137826,8,sintetico
torino,32,2555,3212,600,1787728077,piu_veloce,0.09348745321034123,1787727477,2,False,0.2820078334890934,8,sintetico
torino,32,2555,3212,600,1787728077,meno_cambi,0.0,1787728980,0,False,0.2820078334890934,8,sintetico
torino,32,2555,3212,600,1787728077,margine_fisso,0.0002047603995946926,1787728156,3,False,0.2820078334890934,8,sintetico
torino,32,2555,3212,600,1787728077,robusto,0.3676454340499685,1787727586,1,True,0.2820078334890934,8,sintetico
torino,32,2555,3212,900,1787728377,piu_veloce,0.4077014018209891,1787727477,2,False,0.48839380530685444,8,sintetico
torino,32,2555,3212,900,1787728377,meno_cambi,0.0,1787728980,0,False,0.48839380530685444,8,sintetico
torino,32,2555,3212,900,1787728377,margine_fisso,0.1896708035349202,1787728156,3,False,0.48839380530685444,8,sintetico
torino,32,2555,3212,900,1787728377,robusto,0.5581736130148713,1787727616,2,True,0.48839380530685444,8,sintetico
torino,32,2555,3212,1200,1787728677,piu_veloce,0.6007311119525295,1787727477,2,False,0.6209501122425558,8,sintetico
torino,32,2555,3212,1200,1787728677,meno_cambi,0.0,1787728980,0,False,0.6209501122425558,8,sintetico
torino,32,2555,3212,1200,1787728677,margine_fisso,0.37606190970584147,1787728156,3,False,0.6209501122425558,8,sintetico
torino,32,2555,3212,1200,1787728677,robusto,0.8234834755913526,1787727586,1,True,0.6209501122425558,8,sintetico
torino,32,2555,3212,1800,1787729277,piu_veloce,0.8945062016530414,1787727477,2,False,0.702547273718189,8,sintetico
torino,32,2555,3212,1800,1787729277,meno_cambi,0.27175659694033955,1787728980,0,False,0.702547273718189,8,sintetico
torino,32,2555,3212,1800,1787729277,margine_fisso,0.748228596995552,1787728156,3,False,0.702547273718189,8,sintetico
torino,32,2555,3212,1800,1787729277,robusto,0.9743038706585285,1787727586,1,True,0.702547273718189,8,sintetico
torino,33,3080,1490,0,1787726622,piu_veloce,0.008653106310941728,1787726622,1,True,,5,sintetico
torino,33,3080,1490,0,1787726622,meno_cambi,0.008653106310941728,1787726622,1,True,,5,sintetico
torino,33,3080,1490,0,1787726622,margine_fisso,0.0,1787727924,2,False,,5,sintetico
torino,33,3080,1490,0,1787726622,robusto,0.008653106310941728,1787726622,1,True,,5,sintetico
torino,33,3080,1490,300,1787726922,piu_veloce,0.3709750567565798,1787726622,1,True,,5,sintetico
torino,33,3080,1490,300,1787726922,meno_cambi,0.3709750567565798,1787726622,1,True,,5,sintetico
torino,33,3080,1490,300,1787726922,margine_fisso,0.0,1787727924,2,False,,5,sintetico
torino,33,3080,1490,300,1787726922,robusto,0.3709750567565798,1787726622,1,True,,5,sintetico
torino,33,3080,1490,600,1787727222,piu_veloce,0.6195143082069438,1787726622,1,True,,5,sintetico
torino,33,3080,1490,600,1787727222,meno_cambi,0.6195143082069438,1787726622,1,True,,5,sintetico
torino,33,3080,1490,600,1787727222,margine_fisso,0.0,1787727924,2,False,,5,sintetico
torino,33,3080,1490,600,1787727222,robusto,0.6195143082069438,1787726622,1,True,,5,sintetico
torino,33,3080,1490,900,1787727522,piu_veloce,0.6940679967679998,1787726622,1,True,0.4668794815268449,5,sintetico
torino,33,3080,1490,900,1787727522,meno_cambi,0.6940679967679998,1787726622,1,True,0.4668794815268449,5,sintetico
torino,33,3080,1490,900,1787727522,margine_fisso,0.0,1787727924,2,False,0.4668794815268449,5,sintetico
torino,33,3080,1490,900,1787727522,robusto,0.6940679967679998,1787726622,1,True,0.4668794815268449,5,sintetico
torino,33,3080,1490,1200,1787727822,piu_veloce,0.7158696192697837,1787726622,1,True,0.031166531530727237,5,sintetico
torino,33,3080,1490,1200,1787727822,meno_cambi,0.7158696192697837,1787726622,1,True,0.031166531530727237,5,sintetico
torino,33,3080,1490,1200,1787727822,margine_fisso,2.0766912804991926e-05,1787727924,2,False,0.031166531530727237,5,sintetico
torino,33,3080,1490,1200,1787727822,robusto,0.7158696192697837,1787726622,1,True,0.031166531530727237,5,sintetico
torino,33,3080,1490,1800,1787728422,piu_veloce,0.7270682817964814,1787726622,1,False,0.22670278016055045,5,sintetico
torino,33,3080,1490,1800,1787728422,meno_cambi,0.7270682817964814,1787726622,1,False,0.22670278016055045,5,sintetico
torino,33,3080,1490,1800,1787728422,margine_fisso,0.9537710619570319,1787727924,2,True,0.22670278016055045,5,sintetico
torino,33,3080,1490,1800,1787728422,robusto,0.9537710619570319,1787727924,2,True,0.22670278016055045,5,sintetico
torino,34,3682,8100,0,1787726748,piu_veloce,0.03396240881383136,1787726748,0,True,0.01101121131692175,7,sintetico
torino,34,3682,8100,0,1787726748,meno_cambi,0.03396240881383136,1787726748,0,True,0.01101121131692175,7,sintetico
torino,34,3682,8100,0,1787726748,margine_fisso,0.03396240881383136,1787726748,0,True,0.01101121131692175,7,sintetico
torino,34,3682,8100,0,1787726748,robusto,0.03396240881383136,1787726748,0,True,0.01101121131692175,7,sintetico
torino,34,3682,8100,300,1787727048,piu_veloce,0.7994738744231347,1787726748,0,True,0.15641573727258695,7,sintetico
torino,34,3682,8100,300,1787727048,meno_cambi,0.7994738744231347,1787726748,0,True,0.15641573727258695,7,sintetico
torino,34,3682,8100,300,1787727048,margine_fisso,0.7994738744231347,1787726748,0,True,0.15641573727258695,7,sintetico
torino,34,3682,8100,300,1787727048,robusto,0.7994738744231347,1787726748,0,True,0.15641573727258695,7,sintetico
torino,34,3682,8100,600,1787727348,piu_veloce,0.9794938998833861,1787726748,0,True,0.17513284328780254,7,sintetico
torino,34,3682,8100,600,1787727348,meno_cambi,0.9794938998833861,1787726748,0,True,0.17513284328780254,7,sintetico
torino,34,3682,8100,600,1787727348,margine_fisso,0.9794938998833861,1787726748,0,True,0.17513284328780254,7,sintetico
torino,34,3682,8100,600,1787727348,robusto,0.9794938998833861,1787726748,0,True,0.17513284328780254,7,sintetico
torino,34,3682,8100,900,1787727648,piu_veloce,0.9975286172327152,1787726748,0,True,0.46254651815899506,7,sintetico
torino,34,3682,8100,900,1787727648,meno_cambi,0.9975286172327152,1787726748,0,True,0.46254651815899506,7,sintetico
torino,34,3682,8100,900,1787727648,margine_fisso,0.9975286172327152,1787726748,0,True,0.46254651815899506,7,sintetico
torino,34,3682,8100,900,1787727648,robusto,0.9975286172327152,1787726748,0,True,0.46254651815899506,7,sintetico
torino,34,3682,8100,1200,1787727948,piu_veloce,0.9996121203954436,1787726748,0,True,0.34089403890151904,7,sintetico
torino,34,3682,8100,1200,1787727948,meno_cambi,0.9996121203954436,1787726748,0,True,0.34089403890151904,7,sintetico
torino,34,3682,8100,1200,1787727948,margine_fisso,0.9996121203954436,1787726748,0,True,0.34089403890151904,7,sintetico
torino,34,3682,8100,1200,1787727948,robusto,0.9996121203954436,1787726748,0,True,0.34089403890151904,7,sintetico
torino,34,3682,8100,1800,1787728548,piu_veloce,0.9999920754255279,1787726748,0,True,0.33344107612216456,7,sintetico
torino,34,3682,8100,1800,1787728548,meno_cambi,0.9999920754255279,1787726748,0,True,0.33344107612216456,7,sintetico
torino,34,3682,8100,1800,1787728548,margine_fisso,0.9999920754255279,1787726748,0,True,0.33344107612216456,7,sintetico
torino,34,3682,8100,1800,1787728548,robusto,0.9999920754255279,1787726748,0,True,0.33344107612216456,7,sintetico
torino,35,466,1369,0,1787725501,piu_veloce,0.20987203160228293,1787725501,0,True,0.04269962834886876,6,sintetico
torino,35,466,1369,0,1787725501,meno_cambi,0.20987203160228293,1787725501,0,True,0.04269962834886876,6,sintetico
torino,35,466,1369,0,1787725501,margine_fisso,0.20987203160228293,1787725501,0,True,0.04269962834886876,6,sintetico
torino,35,466,1369,0,1787725501,robusto,0.20987203160228293,1787725501,0,True,0.04269962834886876,6,sintetico
torino,35,466,1369,300,1787725801,piu_veloce,0.990573472319752,1787725501,0,True,0.14174691978287635,6,sintetico
torino,35,466,1369,300,1787725801,meno_cambi,0.990573472319752,1787725501,0,True,0.14174691978287635,6,sintetico
torino,35,466,1369,300,1787725801,margine_fisso,0.990573472319752,1787725501,0,True,0.14174691978287635,6,sintetico
torino,35,466,1369,300,1787725801,robusto,0.990573472319752,1787725501,0,True,0.14174691978287635,6,sintetico
torino,35,466,1369,600,1787726101,piu_veloce,0.9998606652432369,1787725501,0,True,0.14202303226774915,6,sintetico
torino,35,466,1369,600,1787726101,meno_cambi,0.9998606652432369,1787725501,0,True,0.14202303226774915,6,sintetico
torino,35,466,1369,600,1787726101,margine_fisso,0.9998606652432369,1787725501,0,True,0.14202303226774915,6,sintetico
torino,35,466,1369,600,1787726101,robusto,0.9998606652432369,1787725501,0,True,0.14202303226774915,6,sintetico
torino,35,466,1369,900,1787726401,piu_veloce,0.9999937645724474,1787725501,0,True,0.14063770843343326,6,sintetico
torino,35,466,1369,900,1787726401,meno_cambi,0.9999937645724474,1787725501,0,True,0.14063770843343326,6,sintetico
torino,35,466,1369,900,1787726401,margine_fisso,0.9999937645724474,1787725501,0,True,0.14063770843343326,6,sintetico
torino,35,466,1369,900,1787726401,robusto,0.9999937645724474,1787725501,0,True,0.14063770843343326,6,sintetico
torino,35,466,1369,1200,1787726701,piu_veloce,0.9999994576888188,1787725501,0,True,0.35189653070352134,6,sintetico
torino,35,466,1369,1200,1787726701,meno_cambi,0.9999994576888188,1787725501,0,True,0.35189653070352134,6,sintetico
torino,35,466,1369,1200,1787726701,margine_fisso,0.9999994576888188,1787725501,0,True,0.35189653070352134,6,sintetico
torino,35,466,1369,1200,1787726701,robusto,0.9999994576888188,1787725501,0,True,0.35189653070352134,6,sintetico
torino,35,466,1369,1800,1787727301,piu_veloce,0.9999999999914027,1787725501,0,True,0.8123495034590951,6,sintetico
torino,35,466,1369,1800,1787727301,meno_cambi,0.9999999999914027,1787725501,0,True,0.8123495034590951,6,sintetico
torino,35,466,1369,1800,1787727301,margine_fisso,0.9999999999914027,1787725501,0,True,0.8123495034590951,6,sintetico
torino,35,466,1369,1800,1787727301,robusto,0.9999999999914027,1787725501,0,True,0.8123495034590951,6,sintetico
torino,36,2878,2017,0,1787727566,piu_veloce,0.04978191406656513,1787727566,1,True,0.027258352720936907,5,sintetico
torino,36,2878,2017,0,1787727566,meno_cambi,0.04978191406656513,1787727566,1,True,0.027258352720936907,5,sintetico
torino,36,2878,2017,0,1787727566,margine_fisso,0.04978191406656513,1787727566,1,True,0.027258352720936907,5,sintetico
torino,36,2878,2017,0,1787727566,robusto,0.04978191406656513,1787727566,1,True,0.027258352720936907,5,sintetico
torino,36,2878,2017,300,1787727866,piu_veloce,0.7951739320551112,1787727566,1,True,0.42402521007368427,5,sintetico
torino,36,2878,2017,300,1787727866,meno_cambi,0.7951739320551112,1787727566,1,True,0.42402521007368427,5,sintetico
torino,36,2878,2017,300,1787727866,margine_fisso,0.7951739320551112,1787727566,1,True,0.42402521007368427,5,sintetico
torino,36,2878,2017,300,1787727866,robusto,0.7951739320551112,1787727566,1,True,0.42402521007368427,5,sintetico
torino,36,2878,2017,600,1787728166,piu_veloce,0.9066777455670723,1787727566,1,True,0.48105580343420945,5,sintetico
torino,36,2878,2017,600,1787728166,meno_cambi,0.9066777455670723,1787727566,1,True,0.48105580343420945,5,sintetico
torino,36,2878,2017,600,1787728166,margine_fisso,0.9066777455670723,1787727566,1,True,0.48105580343420945,5,sintetico
torino,36,2878,2017,600,1787728166,robusto,0.9066777455670723,1787727566,1,True,0.48105580343420945,5,sintetico
torino,36,2878,2017,900,1787728466,piu_veloce,0.914787975956077,1787727566,1,True,0.48340056257728364,5,sintetico
torino,36,2878,2017,900,1787728466,meno_cambi,0.914787975956077,1787727566,1,True,0.48340056257728364,5,sintetico
torino,36,2878,2017,900,1787728466,margine_fisso,0.914787975956077,1787727566,1,True,0.48340056257728364,5,sintetico
torino,36,2878,2017,900,1787728466,robusto,0.914787975956077,1787727566,1,True,0.48340056257728364,5,sintetico
torino,36,2878,2017,1200,1787728766,piu_veloce,0.9155853145913746,1787727566,1,True,0.48343770448626644,5,sintetico
torino,36,2878,2017,1200,1787728766,meno_cambi,0.9155853145913746,1787727566,1,True,0.48343770448626644,5,sintetico
torino,36,2878,2017,1200,1787728766,margine_fisso,0.9155853145913746,1787727566,1,True,0.48343770448626644,5,sintetico
torino,36,2878,2017,1200,1787728766,robusto,0.9155853145913746,1787727566,1,True,0.48343770448626644,5,sintetico
torino,36,2878,2017,1800,1787729366,piu_veloce,0.9814253499313679,1787727566,1,False,0.19570636851805756,5,sintetico
torino,36,2878,2017,1800,1787729366,meno_cambi,0.9814253499313679,1787727566,1,False,0.19570636851805756,5,sintetico
torino,36,2878,2017,1800,1787729366,margine_fisso,0.9814253499313679,1787727566,1,False,0.19570636851805756,5,sintetico
torino,36,2878,2017,1800,1787729366,robusto,0.9929009939182476,1787728696,1,True,0.19570636851805756,5,sintetico
torino,37,743,3205,0,1787726040,piu_veloce,0.01824162563139279,1787726040,0,True,0.015110343188512284,8,sintetico
torino,37,743,3205,0,1787726040,meno_cambi,0.01824162563139279,1787726040,0,True,0.015110343188512284,8,sintetico
torino,37,743,3205,0,1787726040,margine_fisso,0.01824162563139279,1787726040,0,True,0.015110343188512284,8,sintetico
torino,37,743,3205,0,1787726040,robusto,0.01824162563139279,1787726040,0,True,0.015110343188512284,8,sintetico
torino,37,743,3205,300,1787726340,piu_veloce,0.5292929059216979,1787726040,0,True,0.4237213072651237,8,sintetico
torino,37,743,3205,300,1787726340,meno_cambi,0.5292929059216979,1787726040,0,True,0.4237213072651237,8,sintetico
torino,37,743,3205,300,1787726340,margine_fisso,0.5292929059216979,1787726040,0,True,0.4237213072651237,8,sintetico
torino,37,743,3205,300,1787726340,robusto,0.5292929059216979,1787726040,0,True,0.4237213072651237,8,sintetico
torino,37,743,3205,600,1787726640,piu_veloce,0.8584205149975985,1787726040,0,False,0.40718217548236935,8,sintetico
torino,37,743,3205,600,1787726640,meno_cambi,0.8584205149975985,1787726040,0,False,0.40718217548236935,8,sintetico
torino,37,743,3205,600,1787726640,margine_fisso,0.8584205149975985,1787726040,0,False,0.40718217548236935,8,sintetico
torino,37,743,3205,600,1787726640,robusto,0.8869264694180456,1787726340,1,True,0.40718217548236935,8,sintetico
torino,37,743,3205,900,1787726940,piu_veloce,0.9568840502798903,1787726040,0,True,0.24257775656481284,8,sintetico
torino,37,743,3205,900,1787726940,meno_cambi,0.9568840502798903,1787726040,0,True,0.24257775656481284,8,sintetico
torino,37,743,3205,900,1787726940,margine_fisso,0.9568840502798903,1787726040,0,True,0.24257775656481284,8,sintetico
torino,37,743,3205,900,1787726940,robusto,0.9568840502798903,1787726040,0,True,0.24257775656481284,8,sintetico
torino,37,743,3205,1200,1787727240,piu_veloce,0.9853751893078555,1787726040,0,False,0.10917178019031415,8,sintetico
torino,37,743,3205,1200,1787727240,meno_cambi,0.9853751893078555,1787726040,0,False,0.10917178019031415,8,sintetico
torino,37,743,3205,1200,1787727240,margine_fisso,0.9853751893078555,1787726040,0,False,0.10917178019031415,8,sintetico
torino,37,743,3205,1200,1787727240,robusto,0.9889618810031775,1787726173,2,True,0.10917178019031415,8,sintetico
torino,37,743,3205,1800,1787727840,piu_veloce,1.0,1787726040,0,True,0.6912857484525181,8,sintetico
torino,37,743,3205,1800,1787727840,meno_cambi,1.0,1787726040,0,True,0.6912857484525181,8,sintetico
torino,37,743,3205,1800,1787727840,margine_fisso,1.0,1787726040,0,True,0.6912857484525181,8,sintetico
torino,37,743,3205,1800,1787727840,robusto,1.0,1787726040,0,True,0.6912857484525181,8,sintetico
torino,38,346,1089,0,1787726561,piu_veloce,0.039002385465954414,1787726561,0,True,0.03870355550108197,7,sintetico
torino,38,346,1089,0,1787726561,meno_cambi,0.039002385465954414,1787726561,0,True,0.03870355550108197,7,sintetico
torino,38,346,1089,0,1787726561,margine_fisso,0.039002385465954414,1787726561,0,True,0.03870355550108197,7,sintetico
torino,38,346,1089,0,1787726561,robusto,0.039002385465954414,1787726561,0,True,0.03870355550108197,7,sintetico
torino,38,346,1089,300,1787726861,piu_veloce,0.6775151814979037,1787726561,0,True,0.6719794197761303,7,sintetico
torino,38,346,1089,300,1787726861,meno_cambi,0.6775151814979037,1787726561,0,True,0.6719794197761303,7,sintetico
torino,38,346,1089,300,1787726861,margine_fisso,0.6775151814979037,1787726561,0,True,0.6719794197761303,7,sintetico
torino,38,346,1089,300,1787726861,robusto,0.6775151814979037,1787726561,0,True,0.6719794197761303,7,sintetico
torino,38,346,1089,600,1787727161,piu_veloce,0.9275810185404328,1787726561,0,True,0.9198056542427622,7,sintetico
torino,38,346,1089,600,1787727161,meno_cambi,0.9275810185404328,1787726561,0,True,0.9198056542427622,7,sintetico
torino,38,346,1089,600,1787727161,margine_fisso,0.9275810185404328,1787726561,0,True,0.9198056542427622,7,sintetico
torino,38,346,1089,600,1787727161,robusto,0.9275810185404328,1787726561,0,True,0.9198056542427622,7,sintetico
torino,38,346,1089,900,1787727461,piu_veloce,0.9816729298086071,1787726561,0,True,0.9686075773609928,7,sintetico
torino,38,346,1089,900,1787727461,meno_cambi,0.9816729298086071,1787726561,0,True,0.9686075773609928,7,sintetico
torino,38,346,1089,900,1787727461,margine_fisso,0.9816729298086071,1787726561,0,True,0.9686075773609928,7,sintetico
torino,38,346,1089,900,1787727461,robusto,0.9816729298086071,1787726561,0,True,0.9686075773609928,7,sintetico
torino,38,346,1089,1200,1787727761,piu_veloce,0.9944676094755298,1787726561,0,True,0.8942256606454596,7,sintetico
torino,38,346,1089,1200,1787727761,meno_cambi,0.9944676094755298,1787726561,0,True,0.8942256606454596,7,sintetico
torino,38,346,1089,1200,1787727761,margine_fisso,0.9944676094755298,1787726561,0,True,0.8942256606454596,7,sintetico
torino,38,346,1089,1200,1787727761,robusto,0.9944676094755298,1787726561,0,True,0.8942256606454596,7,sintetico
torino,38,346,1089,1800,1787728361,piu_veloce,0.9997489359472957,1787726561,0,True,0.8476620532810781,7,sintetico
torino,38,346,1089,1800,1787728361,meno_cambi,0.9997489359472957,1787726561,0,True,0.8476620532810781,7,sintetico
torino,38,346,1089,1800,1787728361,margine_fisso,0.9997489359472957,1787726561,0,True,0.8476620532810781,7,sintetico
torino,38,346,1089,1800,1787728361,robusto,0.9997489359472957,1787726561,0,True,0.8476620532810781,7,sintetico
torino,39,2820,977,0,1787727334,piu_veloce,0.47249812055542256,1787727334,1,True,0.09326741242770348,2,sintetico
torino,39,2820,977,0,1787727334,meno_cambi,0.47249812055542256,1787727334,1,True,0.09326741242770348,2,sintetico
torino,39,2820,977,0,1787727334,margine_fisso,0.47249812055542256,1787727334,1,True,0.09326741242770348,2,sintetico
torino,39,2820,977,0,1787727334,robusto,0.47249812055542256,1787727334,1,True,0.09326741242770348,2,sintetico
torino,39,2820,977,300,1787727634,piu_veloce,0.9491431297673211,1787727334,1,True,0.17444253994425063,2,sintetico
torino,39,2820,977,300,1787727634,meno_cambi,0.9491431297673211,1787727334,1,True,0.17444253994425063,2,sintetico
torino,39,2820,977,300,1787727634,margine_fisso,0.9491431297673211,1787727334,1,True,0.17444253994425063,2,sintetico
torino,39,2820,977,300,1787727634,robusto,0.9491431297673211,1787727334,1,True,0.17444253994425063,2,sintetico
torino,39,2820,977,600,1787727934,piu_veloce,0.9492696389402706,1787727334,1,True,0.1744595260243733,2,sintetico
torino,39,2820,977,600,1787727934,meno_cambi,0.9492696389402706,1787727334,1,True,0.1744595260243733,2,sintetico
torino,39,2820,977,600,1787727934,margine_fisso,0.9492696389402706,1787727334,1,True,0.1744595260243733,2,sintetico
torino,39,2820,977,600,1787727934,robusto,0.9492696389402706,1787727334,1,True,0.1744595260243733,2,sintetico
torino,39,2820,977,900,1787728234,piu_veloce,0.9518326106294925,1787727334,1,True,0.17157308214511213,2,sintetico
torino,39,2820,977,900,1787728234,meno_cambi,0.9518326106294925,1787727334,1,True,0.17157308214511213,2,sintetico
torino,39,2820,977,900,1787728234,margine_fisso,0.9518326106294925,1787727334,1,True,0.17157308214511213,2,sintetico
torino,39,2820,977,900,1787728234,robusto,0.9518326106294925,1787727334,1,True,0.17157308214511213,2,sintetico
torino,39,2820,977,1200,1787728534,piu_veloce,0.9966073682431078,1787727334,1,True,0.12072498678547228,2,sintetico
torino,39,2820,977,1200,1787728534,meno_cambi,0.9966073682431078,1787727334,1,True,0.12072498678547228,2,sintetico
torino,39,2820,977,1200,1787728534,margine_fisso,0.9966073682431078,1787727334,1,True,0.12072498678547228,2,sintetico
torino,39,2820,977,1200,1787728534,robusto,0.9966073682431078,1787727334,1,True,0.12072498678547228,2,sintetico
torino,39,2820,977,1800,1787729134,piu_veloce,0.9999036201375493,1787727334,1,True,0.11687463769759165,2,sintetico
torino,39,2820,977,1800,1787729134,meno_cambi,0.9999036201375493,1787727334,1,True,0.11687463769759165,2,sintetico
torino,39,2820,977,1800,1787729134,margine_fisso,0.9999036201375493,1787727334,1,True,0.11687463769759165,2,sintetico
torino,39,2820,977,1800,1787729134,robusto,0.9999036201375493,1787727334,1,True,0.11687463769759165,2,sintetico
torino,40,3380,3154,0,1787724875,piu_veloce,0.13552603800766277,1787724875,0,True,,2,sintetico
torino,40,3380,3154,0,1787724875,meno_cambi,0.13552603800766277,1787724875,0,True,,2,sintetico
torino,40,3380,3154,0,1787724875,margine_fisso,0.13552603800766277,1787724875,0,True,,2,sintetico
torino,40,3380,3154,0,1787724875,robusto,0.13552603800766277,1787724875,0,True,,2,sintetico
torino,40,3380,3154,300,1787725175,piu_veloce,0.9937310526349198,1787724875,0,True,,2,sintetico
torino,40,3380,3154,300,1787725175,meno_cambi,0.9937310526349198,1787724875,0,True,,2,sintetico
torino,40,3380,3154,300,1787725175,margine_fisso,0.9937310526349198,1787724875,0,True,,2,sintetico
torino,40,3380,3154,300,1787725175,robusto,0.9937310526349198,1787724875,0,True,,2,sintetico
torino,40,3380,3154,600,1787725475,piu_veloce,0.9999673411711467,1787724875,0,True,,2,sintetico
torino,40,3380,3154,600,1787725475,meno_cambi,0.9999673411711467,1787724875,0,True,,2,sintetico
torino,40,3380,3154,600,1787725475,margine_fisso,0.9999673411711467,1787724875,0,True,,2,sintetico
torino,40,3380,3154,600,1787725475,robusto,0.9999673411711467,1787724875,0,True,,2,sintetico
torino,40,3380,3154,900,1787725775,piu_veloce,0.9999993513245626,1787724875,0,True,,2,sintetico
torino,40,3380,3154,900,1787725775,meno_cambi,0.9999993513245626,1787724875,0,True,,2,sintetico
torino,40,3380,3154,900,1787725775,margine_fisso,0.9999993513245626,1787724875,0,True,,2,sintetico
torino,40,3380,3154,900,1787725775,robusto,0.9999993513245626,1787724875,0,True,,2,sintetico
torino,40,3380,3154,1200,1787726075,piu_veloce,0.9999999697050463,1787724875,0,True,,2,sintetico
torino,40,3380,3154,1200,1787726075,meno_cambi,0.9999999697050463,1787724875,0,True,,2,sintetico
torino,40,3380,3154,1200,1787726075,margine_fisso,0.9999999697050463,1787724875,0,True,,2,sintetico
torino,40,3380,3154,1200,1787726075,robusto,0.9999999697050463,1787724875,0,True,,2,sintetico
torino,40,3380,3154,1800,1787726675,piu_veloce,0.9999999999998783,1787724875,0,True,0.0016694060533603006,2,sintetico
torino,40,3380,3154,1800,1787726675,meno_cambi,0.9999999999998783,1787724875,0,True,0.0016694060533603006,2,sintetico
torino,40,3380,3154,1800,1787726675,margine_fisso,0.9999999999998783,1787724875,0,True,0.0016694060533603006,2,sintetico
torino,40,3380,3154,1800,1787726675,robusto,0.9999999999998783,1787724875,0,True,0.0016694060533603006,2,sintetico
